sigma_aS,signature_ok,alpha_ratio_electron,alpha_ratio_muon,alpha_ratio_proton,alpha_ratio_neutron,alpha_ratio_Λ,alpha_ratio_Σ⁻,alpha_ratio_π⁰,alpha_ratio_π±,alpha_ratio_K±,alpha_ratio_ρ
-0.5,0,7.611369460957341,7.611369460957347,7.611369460957374,7.611369460957287,7.611369460957419,7.611369460957352,30.44547784382937,121.78191137531748,68.50232514861611,68.50232514861611
-0.4975,0,8.21453226822463,8.214532268224625,8.214532268224643,8.214532268224598,8.214532268224671,8.214532268224636,32.85812907289851,131.43251629159403,73.93079041402169,73.93079041402169
-0.495,0,8.888651757363421,8.888651757363416,8.888651757363426,8.88865175736339,8.888651757363476,8.888651757363451,35.55460702945368,142.2184281178147,79.99786581627082,79.99786581627082
-0.4925,0,9.645113221116144,9.645113221116139,9.645113221116175,9.64511322111605,9.645113221116288,9.6451132211162,38.58045288446457,154.32181153785828,86.80601899004536,86.80601899004536
-0.49,0,10.49766169172749,10.497661691727487,10.497661691727503,10.497661691727467,10.49766169172752,10.49766169172749,41.990646766909954,167.96258706763984,94.47895522554744,94.47895522554744
-0.4875,0,11.463011241607596,11.463011241607589,11.463011241607614,11.463011241607516,11.46301124160773,11.463011241607656,45.852044966430356,183.40817986572154,103.16710117446843,103.16710117446843
-0.485,0,12.561645412313919,12.561645412313919,12.561645412313995,12.561645412313798,12.561645412314093,12.561645412313936,50.246581649255674,200.9863265970227,113.05480871082543,113.05480871082543
-0.4825,0,13.818880301195136,13.818880301195136,13.81888030119522,13.818880301194946,13.818880301195437,13.81888030119523,55.275521204780546,221.10208481912218,124.36992271075644,124.36992271075644
-0.48,0,15.266293361880683,15.266293337732844,15.26629334981438,15.266293349753528,15.266293361941521,15.266293361941488,61.065173399227035,244.26069364535587,137.39664018434587,137.39664018484746
-0.4775,0,16.943668577115233,16.943668577115233,16.943668577115243,16.943668577115215,16.943668577115258,16.943668577115233,67.77467430846093,271.0986972338437,152.49301719403707,152.49301719403707
-0.475,0,18.90168249869113,18.90168249869113,18.90168249869122,18.901682498690867,18.90168249869157,18.90168249869131,75.60672999476452,302.4269199790581,170.1151424882205,170.1151424882205
-0.4725,0,21.205670511633542,21.20567040899506,21.205670460346614,21.205670460088097,21.205670511892126,21.205670511892066,84.8226818412572,339.2907275709518,190.85103429620506,190.8510342983371
-0.47,0,23.940998502208885,23.940998502208863,23.940998502208956,23.940998502208668,23.940998502209215,23.94099850220899,95.76399400883548,383.05597603534216,215.46898651988005,215.46898651988005
-0.4675,0,27.22087056054273,27.22087056054273,27.220870560542757,27.220870560542586,27.220870560542984,27.22087056054287,108.88348224217091,435.53392896868365,244.98783504488458,244.98783504488458
-0.46499999999999997,0,31.197914797726497,31.197914797726497,31.197914797726455,31.19791479772646,31.19791479772661,31.197914797726625,124.79165919090599,499.16663676362396,280.78123317953845,280.78123317953845
-0.4625,0,36.08178537034531,36.08178537210658,36.08178537122541,36.08178537122987,36.08178537034078,36.08178537034081,144.32714148490376,577.3085659360817,324.73606833840165,324.736068338365
-0.46,0,42.16661685239891,42.16661685239891,42.166616852399045,42.166616852398576,42.166616852399436,42.16661685239909,168.66646740959564,674.6658696383826,379.49955167159055,379.49955167159055
-0.4575,0,49.87514684402533,49.875146844025316,49.87514684402548,49.875146844025075,49.87514684402573,49.87514684402542,199.50058737610132,798.0023495044053,448.8763215962284,448.8763215962284
-0.455,0,59.83209805763628,59.83209805763624,59.83209805763634,59.832098057635996,59.832098057636806,59.832098057636586,239.32839223054506,957.3135689221803,538.4888825187269,538.4888825187269
-0.4525,0,72.99115742101293,72.99115742101289,72.99115742101291,72.99115742101323,72.99115742101226,72.99115742101249,291.96462968405166,1167.8585187362066,656.920416789116,656.920416789116
-0.45,0,90.86513333213178,90.86513333213178,90.86513333213159,90.86513333213225,90.86513333213101,90.86513333213146,363.4605333285271,1453.8421333141084,817.7861999891857,817.7861999891857
-0.4475,0,115.9667516198034,115.9667517143274,115.96675166703619,115.96675166727279,115.96675161956652,115.96675161956541,463.86700666826164,1855.4680264834037,1043.7007648623392,1043.7007648603756
-0.445,0,152.71091609105375,152.71091609105363,152.7109160910535,152.71091609105426,152.71091609105284,152.71091609105346,610.8436643642149,2443.3746574568595,1374.3982448194831,1374.3982448194831
-0.4425,0,209.41933380713436,209.4193338071342,209.4193338071348,209.41933380713363,209.41933380713522,209.41933380713428,837.6773352285371,3350.7093409141485,1884.7740042642092,1884.7740042642092
-0.44,0,303.26154733941104,303.26154733941104,303.2615473394117,303.26154733941036,303.2615473394117,303.2615473394106,1213.0461893576442,4852.184757430577,2729.353926054701,2729.353926054701
-0.4375,0,474.2098294378341,474.20983020398654,474.2098298206689,474.20982982259807,474.2098294359054,474.2098294359054,1896.8393192836409,7587.357275597438,4267.888467243303,4267.88846722739
-0.435,0,832.5821148879553,832.582114887955,832.582114887956,832.5821148879527,832.5821148879589,832.5821148879567,3330.328459551821,13321.313838207285,7493.239033991599,7493.239033991599
-0.4325,0,1773.014643539765,1773.0146435397642,1773.0146435397642,1773.0146435397635,1773.0146435397692,1773.0146435397692,7092.058574159059,28368.234296636238,15957.131791857882,15957.131791857882
-0.43,0,5516.4399310686895,5516.439931068687,5516.43993106869,5516.439931068687,5516.4399310686895,5516.439931068685,22065.759724274747,88263.03889709899,49647.9593796182,49647.9593796182
-0.4275,0,48579.131295748215,48579.1312957482,48579.13129574841,48579.13129574795,48579.13129574854,48579.13129574818,194316.5251829928,777266.1007319712,437212.1816617343,437212.1816617343
-0.425,1,819145881.864204,819145883.0193555,819145882.4414139,819145882.4443307,819145881.8612851,819145881.8612918,3276583529.767119,13106334116.750895,7372312940.249828,7372312940.225833
-0.4225,1,402.9947997076295,402.9947997076295,402.99479970763036,402.99479970762724,402.9947997076331,402.9947997076309,1611.979198830518,6447.916795322072,3626.953197368669,3626.953197368669
-0.42,1,225.7968732914409,225.79687329144062,225.79687329144105,225.79687329144068,225.79687329144062,225.79687329144025,903.1874931657632,3612.7499726630545,2032.1718596229668,2032.1718596229668
-0.4175,1,259.05594676294066,259.05594676294066,259.0559467629412,259.05594676294044,259.05594676294066,259.0559467629401,1036.2237870517627,4144.895148207051,2331.503520866466,2331.503520866466
-0.415,1,208.81623468501024,208.81623468501013,208.8162346850104,208.81623468500982,208.8162346850108,208.81623468501033,835.264938740041,3341.059754960164,1879.3461121650923,1879.3461121650923
-0.4125,1,162.3320750179999,162.33207501799978,162.3320750179998,162.33207501799964,162.3320750180002,162.3320750180001,649.3283000719993,2597.313200287997,1460.9886751619983,1460.9886751619983
-0.41000000000000003,1,127.55907710730227,127.55907710730227,127.5590771073023,127.55907710730239,127.5590771073019,127.55907710730195,510.2363084292091,2040.9452337168364,1148.0316939657198,1148.0316939657198
-0.4075,1,102.18271611349138,102.18271611349134,102.18271611349155,102.18271611349117,102.18271611349158,102.18271611349124,408.73086445396535,1634.9234578158614,919.6444450214224,919.6444450214224
-0.405,1,83.45466687137804,83.45466687137804,83.45466687137788,83.45466687137825,83.45466687137774,83.45466687137807,333.81866748551215,1335.2746699420486,751.092001842402,751.092001842402
-0.40249999999999997,1,69.36225752816902,69.36225752816902,69.36225752816885,69.36225752816921,69.36225752816881,69.36225752816911,277.4490301126761,1109.7961204507044,624.2603177535209,624.2603177535209
-0.4,1,58.54101028542543,58.541010285425386,58.54101028542543,58.54101028542536,58.54101028542554,58.54101028542547,234.1640411417016,936.6561645668064,526.8690925688288,526.8690925688288
-0.39749999999999996,1,50.07241968453194,50.0724196845319,50.07241968453187,50.07241968453212,50.07241968453157,50.07241968453173,200.28967873812766,801.158714952511,450.65177716078705,450.65177716078705
-0.395,1,43.330343425797594,43.330343425797594,43.33034342579761,43.33034342579745,43.33034342579785,43.33034342579774,173.32137370319037,693.2854948127615,389.9730908321784,389.9730908321784
-0.3925,1,37.87997483454971,37.87997493775689,37.87997488612081,37.87997488638065,37.879974834289904,37.8799748342899,151.51989954461322,606.0795979713887,340.9197738211536,340.91977381900983
-0.39,1,33.41337790463874,33.413377904638736,33.41337790463877,33.41337790463865,33.41337790463889,33.41337790463879,133.65351161855494,534.6140464742199,300.7204011417488,300.7204011417488
-0.3875,1,29.70826396489116,29.70826396489114,29.70826396489123,29.708263964891028,29.708263964891334,29.708263964891177,118.83305585956461,475.33222343825844,267.37437568402044,267.37437568402044
-0.385,1,26.60127515149144,26.601275151491425,26.601275151491407,26.601275151491613,26.601275151491127,26.60127515149126,106.40510060596574,425.62040242386297,239.41147636342276,239.41147636342276
-0.3825,1,23.97036459096804,23.970364602103974,23.97036459653246,23.97036459656062,23.97036459093986,23.970364590939955,95.881458386144,383.5258335222341,215.73328135218307,215.73328135195175
-0.38,1,21.722960935769514,21.722960935769514,21.722960935769446,21.722960935769624,21.72296093576935,21.722960935769486,86.89184374307806,347.5673749723122,195.50664842192552,195.50664842192552
-0.3775,1,19.78787274029979,19.7878727402998,19.787872740299854,19.787872740299655,19.787872740300017,19.78787274029987,79.15149096119919,316.60596384479675,178.09085466269835,178.09085466269835
-0.375,1,18.10965454540403,18.10965454540399,18.109654545404034,18.109654545403927,18.109654545404165,18.109654545404087,72.43861818161604,289.75447272646426,162.98689090863624,162.98689090863624
-0.3725,1,16.644621737859502,16.644621737859467,16.644621737859527,16.64462173785939,16.64462173785964,16.644621737859545,66.57848695143795,266.31394780575187,149.80159564073557,149.80159564073557
-0.37,1,15.357988665521328,15.357988665521383,15.357988665521372,15.357988665521285,15.357988665521452,15.35798866552139,61.431954662085445,245.72781864834158,138.22189798969222,138.22189798969222
-0.3675,1,14.221784196512687,14.221784196512742,14.22178419651272,14.221784196512587,14.22178419651295,14.221784196512862,56.88713678605088,227.5485471442033,127.99605776861452,127.99605776861452
-0.365,1,13.213313517618476,13.213313517618499,13.21331351761849,13.213313517618456,13.213313517618552,13.213313517618525,52.85325407047396,211.41301628189572,118.91982165856642,118.91982165856642
-0.3625,1,12.314009138800229,12.314009138800326,12.314009138800248,12.314009138800262,12.3140091388003,12.314009138800316,49.2560365552011,197.0241462208042,110.82608224920237,110.82608224920237
-0.36,1,11.508562869127969,11.508562869128085,11.508562869128,11.508562869127928,11.508562869128209,11.508562869128163,46.0342514765121,184.13700590604822,103.5770658221522,103.5770658221522
-0.3575,1,10.784263123510867,10.784263123510948,10.784263123510895,10.784263123510796,10.78426312351111,10.78426312351105,43.13705249404363,172.5482099761744,97.05836811159816,97.05836811159816
-0.355,1,10.130484006482478,10.130484006482556,10.130484006482497,10.130484006482458,10.13048400648264,10.130484006482618,40.52193602593009,162.08774410372013,91.17435605834267,91.17435605834267
-0.35250000000000004,1,9.538287791480057,9.538287791479975,9.538287791480075,9.538287791479975,9.538287791480062,9.538287791479982,38.153151165920065,152.6126046636804,85.84459012332029,85.84459012332029
-0.35,1,9.000112971129607,9.000112971129543,9.000112971129616,9.000112971129532,9.00011297112964,9.000112971129573,36.00045188451831,144.0018075380733,81.0010167401663,81.0010167401663
-0.34750000000000003,1,8.509527489345754,8.509527489345734,8.509527489345782,8.5095274893457,8.509527489345803,8.50952748934574,34.03810995738297,136.15243982953191,76.58574740411177,76.58574740411177
-0.345,1,8.061032062797501,8.061032062797505,8.061032062797498,8.061032062797484,8.061032062797544,8.061032062797533,32.24412825119001,128.97651300476002,72.54928856517755,72.54928856517755
-0.3425,1,7.649902313360098,7.649902313360102,7.64990231336009,7.649902313360088,7.64990231336013,7.649902313360133,30.5996092534404,122.3984370137616,68.84912082024087,68.84912082024087
-0.33999999999999997,1,7.272061207599017,7.272061207599013,7.272061207599013,7.272061207599004,7.272061207599037,7.272061207599031,29.08824483039606,116.35297932158427,65.44855086839114,65.44855086839114
-0.3375,1,6.923975336911348,6.923975336911371,6.923975336911358,6.923975336911345,6.923975336911384,6.923975336911374,27.695901347645442,110.78360539058173,62.31577803220221,62.31577803220221
-0.33499999999999996,1,6.602570081970072,6.602570081970076,6.602570081970089,6.602570081970012,6.602570081970177,6.602570081970122,26.41028032788029,105.64112131152116,59.42313073773072,59.42313073773072
-0.3325,1,6.305159833785928,6.30515983378591,6.3051598337859325,6.3051598337859,6.305159833785953,6.305159833785926,25.220639335143673,100.88255734057473,56.74643850407332,56.74643850407332
-0.32999999999999996,1,6.029390294185647,6.029390294185651,6.02939029418566,6.029390294185599,6.029390294185737,6.029390294185695,24.117561176742598,96.47024470697039,54.264512647670884,54.264512647670884
-0.3275,1,5.773190524310479,5.773190524310479,5.773190524310487,5.773190524310444,5.773190524310535,5.773190524310502,23.092762097241916,92.37104838896767,51.95871471879435,51.95871471879435
-0.32499999999999996,1,5.534732903705995,5.534732903706003,5.534732903706031,5.534732903705925,5.534732903706113,5.534732903706032,22.138931614824,88.555726459296,49.81259613335407,49.81259613335407
-0.3225,1,5.312399543028539,5.312399543028543,5.312399543028556,5.312399543028515,5.31239954302858,5.3123995430285476,21.249598172114165,84.99839268845666,47.81159588725688,47.81159588725688
-0.32,1,5.104753988353508,5.104753988353515,5.104753988353504,5.104753988353504,5.104753988353533,5.104753988353536,20.419015953414046,81.67606381365616,45.94278589518161,45.94278589518161
-0.3175,1,4.910517285186974,4.910517285186993,4.910517285186983,4.9105172851869625,4.910517285187021,4.910517285187008,19.64206914074793,78.5682765629917,44.19465556668285,44.19465556668285
-0.315,1,4.728547650883737,4.728547650883746,4.728547650883762,4.728547650883699,4.7285476508838045,4.728547650883756,18.914190603534966,75.65676241413983,42.556928857953686,42.556928857953686
-0.3125,1,4.557823146727464,4.557823146727454,4.557823146727461,4.55782314672744,4.557823146727496,4.557823146727481,18.231292586909834,72.92517034763935,41.02040832054716,41.02040832054716
-0.31,1,4.397426854060706,4.397426854060695,4.397426854060726,4.397426854060644,4.3974268540607895,4.397426854060726,17.589707416242803,70.35882966497124,39.576841686546366,39.576841686546366
-0.3075,1,4.2465341491050905,4.2465341491050905,4.246534149105096,4.246534149105098,4.24653414910507,4.246534149105069,16.986136596420362,67.94454638568145,38.21880734194581,38.21880734194581
-0.305,1,4.104401743470935,4.104401743470935,4.104401743470932,4.104401743470934,4.104401743470941,4.1044017434709446,16.41760697388374,65.67042789553496,36.939615691238416,36.939615691238416
-0.3025,1,3.9703582156454735,3.970358215645476,3.9703582156454806,3.970358215645465,3.9703582156454886,3.9703582156454753,15.881432862581901,63.525731450327605,35.73322394080928,35.73322394080928
-0.3,1,3.843795805920179,3.843795805920176,3.843795805920176,3.843795805920191,3.843795805920156,3.843795805920166,15.375183223680711,61.500732894722844,34.594162253281574,34.594162253281574
-0.2975,1,3.724163285559121,3.7241632855591273,3.7241632855591296,3.7241632855591202,3.7241632855591256,3.724163285559116,14.896653142236499,59.586612568945995,33.517469570032105,33.517469570032105
-0.295,1,3.6109597423054116,3.6109597423054227,3.610959742305407,3.610959742305407,3.6109597423054396,3.6109597423054427,14.44383896922167,57.77535587688666,32.49863768074874,32.49863768074874
-0.2925,1,3.503729149970669,3.503729149970669,3.503729149970678,3.503729149970659,3.503729149970681,3.5037291499706646,14.014916599882676,56.059666399530705,31.533562349736027,31.533562349736027
-0.29000000000000004,1,3.4020556109531994,3.4020556109531968,3.402055610953201,3.4020556109531968,3.4020556109531994,3.402055610953196,13.608222443812792,54.43288977525119,30.618500498578786,30.618500498578786
-0.2875,1,3.305559177955994,3.305559177955994,3.3055591779559994,3.305559177955985,3.305559177956006,3.305559177955996,13.222236711823976,52.888946847295905,29.750032601603948,29.750032601603948
-0.28500000000000003,1,3.2138921756174574,3.2138921756174574,3.213892175617459,3.213892175617451,3.21389217561747,3.213892175617464,12.85556870246983,51.42227480987932,28.925029580557137,28.925029580557137
-0.2825,1,3.126735954778279,3.126735954778278,3.1267359547782845,3.126735954778261,3.1267359547783076,3.1267359547782907,12.506943819113111,50.027775276452445,28.14062359300452,28.14062359300452
-0.28,1,3.043798022130239,3.043798022130239,3.04379802213025,3.04379802213021,3.0437980221302894,3.04379802213026,12.175192088520957,48.70076835408383,27.394182199172178,27.394182199172178
-0.27749999999999997,1,2.964809496382634,2.964809496382634,2.9648094963826415,2.9648094963826193,2.9648094963826592,2.96480949638264,11.859237985530536,47.43695194212214,26.68328546744372,26.68328546744372
-0.275,1,2.8895228491276086,2.8895228491276086,2.8895228491276153,2.8895228491276,2.88952284912762,2.8895228491276077,11.558091396510434,46.23236558604174,26.005705642148488,26.005705642148488
-0.27249999999999996,1,2.8177098945198056,2.817709894519803,2.81770989451981,2.8177098945197967,2.8177098945198145,2.817709894519803,11.270839578079217,45.08335831231687,25.359389050678246,25.359389050678246
-0.27,1,2.749159996898776,2.749159996898774,2.749159996898774,2.749159996898777,2.74915999689877,2.749159996898774,10.996639987595099,43.986559950380396,24.742439972088974,24.742439972088974
-0.26749999999999996,1,2.683678469728824,2.683678469728824,2.6836784697288243,2.683678469728819,2.6836784697288323,2.6836784697288274,10.734713878915295,42.93885551566118,24.153106227559423,24.153106227559423
-0.265,1,2.621085142838089,2.621085142838089,2.621085142838096,2.621085142838073,2.6210851428381146,2.621085142838096,10.484340571352355,41.93736228540942,23.58976628554281,23.58976628554281
-0.26249999999999996,1,2.56121307801037,2.561213078010369,2.561213078010378,2.5612130780103546,2.5612130780103928,2.561213078010374,10.244852312041479,40.979409248165915,23.050917702093347,23.050917702093347
-0.26,1,2.503907415606173,2.5039074156061707,2.5039074156061782,2.503907415606163,2.503907415606183,2.5039074156061707,10.015629662424688,40.06251864969875,22.53516674045555,22.53516674045555
-0.2575,1,2.4490243371343214,2.44902433713432,2.449024337134321,2.449024337134322,2.4490243371343183,2.44902433713432,9.796097348537284,39.184389394149136,22.041219034208893,22.041219034208893
-0.255,1,2.396430130621706,2.396430130621706,2.3964301306217073,2.3964301306216895,2.396430130621734,2.3964301306217215,9.585720522486824,38.342882089947295,21.56787117559536,21.56787117559536
-0.2525,1,2.3460003472851447,2.346000347285146,2.3460003472851434,2.346000347285135,2.346000347285169,2.3460003472851634,9.384001389140582,37.536005556562316,21.11400312556632,21.11400312556632
-0.25,1,2.2976190394371163,2.2976190394371163,2.2976190394371248,2.297619039437103,2.297619039437136,2.297619039437118,9.190476157748465,36.76190463099386,20.678571354934064,20.678571354934064
-0.2475,1,2.251178070790393,2.2511780707903917,2.2511780707903957,2.251178070790388,2.251178070790396,2.2511780707903895,9.004712283161568,36.018849132646274,20.26060263711354,20.26060263711354
-0.245,1,2.2065764913941903,2.2065764913941903,2.2065764913941996,2.2065764913941734,2.2065764913942156,2.2065764913941956,8.826305965576761,35.305223862307045,19.859188422547728,19.859188422547728
-0.2425,1,2.16371997036058,2.16371997036058,2.1637199703605834,2.163719970360565,2.1637199703606074,2.163719970360594,8.65487988144232,34.61951952576928,19.473479733245227,19.473479733245227
-0.24,1,2.122520280344725,2.122520280344725,2.122520280344729,2.122520280344714,2.1225202803447427,2.122520280344731,8.4900811213789,33.9603244855156,19.102682523102537,19.102682523102537
-0.2375,1,2.082894828443567,2.082894828443566,2.082894828443572,2.082894828443553,2.0828948284435898,2.0828948284435755,8.331579313774267,33.326317255097074,18.74605345599211,18.74605345599211
-0.235,1,2.0447662287892423,2.0447662287892414,2.044766228789246,2.0447662287892445,2.0447662287892325,2.0447662287892303,8.179064915156967,32.71625966062787,18.402896059103174,18.402896059103174
-0.23249999999999998,1,2.0080619126480377,2.008061912648037,2.0080619126480386,2.0080619126480315,2.008061912648047,2.0080619126480417,8.032247650592147,32.12899060236859,18.072557213832333,18.072557213832333
-0.22999999999999998,1,1.9727137723040453,1.9727137723040442,1.9727137723040375,1.972713772304057,1.972713772304027,1.9727137723040424,7.890855089216179,31.563420356864714,17.75442395073639,17.75442395073639
-0.22749999999999998,1,1.9386578354172765,1.9386578354172743,1.9386578354172754,1.9386578354172765,1.9386578354172743,1.938657835417275,7.754631341669102,31.018525366676407,17.447920518755485,17.447920518755485
-0.22499999999999998,1,1.9058339669070194,1.9058339669070183,1.9058339669070214,1.9058339669070152,1.9058339669070241,1.905833966907019,7.623335867628076,30.493343470512304,17.152505702163182,17.152505702163182
-0.22249999999999998,1,1.874185595728881,1.874185595728881,1.8741855957288878,1.8741855957288664,1.8741855957289024,1.8741855957288862,7.496742382915524,29.986969531662098,16.867670361559938,16.867670361559938
-0.21999999999999997,1,1.8436594641940025,1.8436594641940025,1.8436594641940027,1.8436594641940038,1.843659464193997,1.8436594641939978,7.37463785677601,29.49855142710404,16.59293517774602,16.59293517774602
-0.21749999999999997,1,1.8142053977263386,1.8142053977263375,1.814205397726343,1.8142053977263342,1.8142053977263408,1.8142053977263342,7.256821590905352,29.027286363621418,16.327848579537054,16.327848579537054
-0.21499999999999997,1,1.785776093172573,1.7857760931725721,1.7857760931725735,1.7857760931725741,1.785776093172569,1.785776093172569,7.143104372690289,28.572417490761158,16.071984838553156,16.071984838553156
-0.21249999999999997,1,1.758326923972984,1.758326923972983,1.7583269239729882,1.7583269239729806,1.758326923972984,1.758326923972977,7.033307695891934,28.133230783567736,15.824942315756848,15.824942315756848
-0.21000000000000002,1,1.731815760673464,1.7318157606734619,1.7318157606734657,1.7318157606734683,1.731815760673451,1.7318157606734512,6.927263042693853,27.70905217077541,15.586341846061167,15.586341846061167
-0.20750000000000002,1,1.7062028054114629,1.7062028054114629,1.706202805411465,1.7062028054114577,1.7062028054114704,1.706202805411465,6.824811221645851,27.299244886583406,15.355825248703173,15.355825248703173
-0.20500000000000002,1,1.68145043914453,1.6814504391445282,1.6814504391445255,1.68145043914454,1.6814504391445118,1.6814504391445222,6.725801756578115,26.90320702631246,15.13305395230075,15.13305395230075
-0.2025,1,1.6575230805109842,1.657523080510983,1.657523080510985,1.6575230805109795,1.6575230805109906,1.657523080510987,6.630092322043935,26.52036928817574,14.917707724598854,14.917707724598854
-0.2,1,1.6343870553201747,1.6343870553201758,1.6343870553201825,1.6343870553201598,1.634387055320199,1.6343870553201825,6.537548221280701,26.150192885122795,14.70948349788159,14.70948349788159
-0.1975,1,1.612010475766163,1.612010475766162,1.6120104757661584,1.6120104757661646,1.6120104757661629,1.612010475766168,6.448041903064651,25.79216761225861,14.508094281895463,14.508094281895463
-0.195,1,1.5903631285447597,1.5903631285447597,1.5903631285447617,1.590363128544752,1.5903631285447712,1.5903631285447641,6.361452514179039,25.445810056716155,14.313268156902842,14.313268156902842
-0.1925,1,1.5694163711310833,1.5694163711310833,1.5694163711310825,1.5694163711310765,1.5694163711310969,1.569416371131093,6.277665484524333,25.110661938097333,14.124747340179761,14.124747340179761
-0.19,1,1.5491430355438984,1.5491430355438975,1.5491430355439002,1.5491430355438975,1.5491430355438967,1.5491430355438947,6.196572142175591,24.786288568702364,13.942287319895087,13.942287319895087
-0.1875,1,1.5295173389850805,1.5295173389850805,1.5295173389850814,1.5295173389850756,1.529517338985089,1.529517338985085,6.118069355940322,24.472277423761287,13.765656050865726,13.765656050865726
-0.185,1,1.5105148007983633,1.5105148007983633,1.510514800798366,1.510514800798358,1.5105148007983724,1.5105148007983655,6.042059203193453,24.168236812773813,13.594633207185277,13.594633207185277
-0.1825,1,1.4921121652416844,1.4921121652416833,1.4921121652416889,1.4921121652416813,1.4921121652416844,1.4921121652416773,5.968448660966736,23.873794643866944,13.429009487175154,13.429009487175154
-0.18,1,1.4742873296126076,1.4742873296126067,1.474287329612613,1.4742873296126,1.474287329612615,1.4742873296126044,5.897149318450429,23.588597273801717,13.268585966513468,13.268585966513468
-0.1775,1,1.4570192773070965,1.4570192773070958,1.4570192773070918,1.4570192773071065,1.4570192773070776,1.4570192773070898,5.828077109228384,23.312308436913543,13.113173495763855,13.113173495763855
-0.175,1,1.4402880154286593,1.4402880154286586,1.4402880154286608,1.4402880154286526,1.440288015428669,1.4402880154286626,5.761152061714635,23.044608246858548,12.962592138857937,12.962592138857937
-0.1725,1,1.4240745165981268,1.424074516598126,1.4240745165981226,1.4240745165981326,1.4240745165981188,1.4240745165981266,5.696298066392506,22.78519226557003,12.816670649383132,12.816670649383132
-0.16999999999999998,1,1.4083606646443392,1.4083606646443383,1.4083606646443383,1.40836066464434,1.408360664644337,1.4083606646443383,5.633442658577356,22.533770634309427,12.67524598179905,12.67524598179905
-0.16749999999999998,1,1.3931292038833094,1.3931292038833087,1.393129203883309,1.3931292038833067,1.3931292038833147,1.3931292038833127,5.572516815533236,22.290067262132943,12.53816283494978,12.53816283494978
-0.16499999999999998,1,1.3783636917180033,1.3783636917180033,1.3783636917179993,1.3783636917180015,1.3783636917180107,1.3783636917180138,5.513454766872013,22.053819067488053,12.405273225462025,12.405273225462025
-0.16249999999999998,1,1.3640484543132774,1.3640484543132774,1.3640484543132774,1.364048454313276,1.3640484543132798,1.364048454313279,5.4561938172531095,21.824775269012438,12.276436088819503,12.276436088819503
-0.15999999999999998,1,1.3501685451208736,1.350168545120873,1.350168545120871,1.3501685451208758,1.3501685451208707,1.3501685451208745,5.400674180483493,21.60269672193397,12.151516906087858,12.151516906087858
-0.15749999999999997,1,1.3367097060477477,1.3367097060477469,1.3367097060477515,1.3367097060477398,1.336709706047758,1.3367097060477489,5.346838824190989,21.387355296763957,12.030387354429731,12.030387354429731
-0.15499999999999997,1,1.3236583310778787,1.3236583310778787,1.323658331077882,1.3236583310778745,1.3236583310778833,1.3236583310778773,5.294633324311515,21.17853329724606,11.912924979700911,11.912924979700911
-0.15249999999999997,1,1.311001432172935,1.3110014321729342,1.311001432172933,1.311001432172937,1.3110014321729317,1.311001432172935,5.2440057286917385,20.976022914766954,11.799012889556415,11.799012889556415
-0.14999999999999997,1,1.298726607291178,1.298726607291177,1.29872660729118,1.2987266072911765,1.298726607291177,1.2987266072911736,5.1949064291647105,20.77962571665885,11.688539465620597,11.688539465620597
-0.14750000000000002,1,1.286822010376631,1.286822010376631,1.2868220103766328,1.2868220103766268,1.2868220103766372,1.2868220103766335,5.147288041506524,20.589152166026096,11.581398093389685,11.581398093389685
-0.14500000000000002,1,1.275276323182183,1.2752763231821822,1.2752763231821815,1.2752763231821849,1.2752763231821793,1.2752763231821822,5.101105292728731,20.404421170914922,11.47748690863964,11.47748690863964
-0.14250000000000002,1,1.264078728800892,1.2640787288008912,1.2640787288008957,1.2640787288008895,1.2640787288008928,1.2640787288008875,5.056314915203566,20.22525966081427,11.376708559208025,11.376708559208025
-0.14,1,1.2532188867894574,1.2532188867894563,1.2532188867894551,1.2532188867894596,1.2532188867894534,1.253218886789457,5.012875547157828,20.05150218863131,11.278969981105108,11.278969981105108
-0.1375,1,1.2426869097766728,1.242686909776672,1.2426869097766748,1.2426869097766664,1.2426869097766828,1.2426869097766762,4.97074763910669,19.88299055642676,11.18418218799006,11.18418218799006
-0.135,1,1.232473341457854,1.232473341457853,1.2324733414578548,1.2324733414578528,1.2324733414578544,1.2324733414578528,4.929893365831414,19.719573463325663,11.092260073120686,11.092260073120686
-0.1325,1,1.2225691358836224,1.222569135883622,1.2225691358836244,1.2225691358836197,1.2225691358836246,1.222569135883621,4.890276543534488,19.56110617413795,11.003122222952603,11.003122222952603
-0.13,1,1.2129656379583242,1.2129656379583236,1.212965637958326,1.2129656379583247,1.2129656379583207,1.2129656379583196,4.851862551833296,19.407450207333188,10.916690741624917,10.916690741624917
-0.1275,1,1.203654565069585,1.203654565069585,1.2036545650695878,1.2036545650695747,1.2036545650696011,1.2036545650695918,4.81461826027834,19.25847304111336,10.832891085626269,10.832891085626269
-0.125,1,1.1946279897762935,1.1946279897762917,1.1946279897762895,1.1946279897762972,1.1946279897762873,1.1946279897762935,4.7785119591051695,19.114047836420678,10.751651907986632,10.751651907986632
-0.1225,1,1.1858783234876247,1.1858783234876251,1.1858783234876282,1.1858783234876165,1.1858783234876382,1.1858783234876287,4.7435132939505005,18.974053175802002,10.672904911388631,10.672904911388631
-0.12,1,1.1773983010705362,1.1773983010705362,1.1773983010705384,1.17739830107053,1.1773983010705449,1.177398301070538,4.709593204282145,18.83837281712858,10.596584709634827,10.596584709634827
-0.1175,1,1.1691809663277286,1.1691809663277286,1.1691809663277304,1.1691809663277266,1.1691809663277302,1.1691809663277273,4.676723865310914,18.706895461243658,10.522628696949557,10.522628696949557
-0.11499999999999999,1,1.161219658292148,1.161219658292148,1.1612196582921515,1.161219658292143,1.1612196582921546,1.1612196582921475,4.644878633168592,18.579514532674366,10.450976924629336,10.450976924629336
-0.11249999999999999,1,1.1535079982879546,1.153507998287954,1.1535079982879528,1.1535079982879592,1.1535079982879468,1.1535079982879515,4.6140319931518174,18.45612797260727,10.381571984591586,10.381571984591586
-0.10999999999999999,1,1.1460398777113945,1.146039877711394,1.1460398777113945,1.146039877711394,1.146039877711394,1.146039877711394,4.584159510845576,18.336638043382305,10.314358899402553,10.314358899402553
-0.10749999999999998,1,1.1388094464882612,1.1388094464882612,1.1388094464882605,1.1388094464882599,1.1388094464882637,1.1388094464882634,4.555237785953045,18.22095114381218,10.249285018394355,10.249285018394355
-0.10499999999999998,1,1.1318111021676398,1.131811102167639,1.1318111021676422,1.1318111021676363,1.1318111021676434,1.131811102167638,4.527244408670557,18.10897763468223,10.186299919508757,10.186299919508757
-0.10249999999999998,1,1.1250394796144125,1.1250394796144125,1.1250394796144112,1.1250394796144139,1.1250394796144119,1.1250394796144143,4.50015791845765,18.0006316738306,10.12535531652971,10.12535531652971
-0.09999999999999998,1,1.118489441265582,1.118489441265582,1.1184894412655784,1.118489441265584,1.1184894412655806,1.1184894412655857,4.473957765062328,17.89583106024931,10.066404971390234,10.066404971390234
-0.09749999999999998,1,1.1121560679178042,1.1121560679178042,1.1121560679178026,1.112156067917805,1.1121560679178042,1.1121560679178066,4.448624271671217,17.794497086684867,10.00940461126024,10.00940461126024
-0.09499999999999997,1,1.1060346500158231,1.1060346500158225,1.1060346500158194,1.1060346500158305,1.1060346500158116,1.10603465001582,4.424138600063291,17.696554400253163,9.954311850142398,9.954311850142398
-0.09249999999999997,1,1.1001206794134355,1.1001206794134348,1.1001206794134395,1.1001206794134322,1.1001206794134375,1.1001206794134315,4.400482717653741,17.601930870614964,9.901086114720918,9.901086114720918
-0.08999999999999997,1,1.0944098415805938,1.0944098415805938,1.094409841580593,1.0944098415805943,1.0944098415805938,1.0944098415805945,4.377639366322375,17.5105574652895,9.849688574225343,9.849688574225343
-0.08749999999999997,1,1.088898008232004,1.088898008232004,1.0888980082320059,1.0888980082320003,1.0888980082320103,1.0888980082320063,4.355592032928016,17.422368131712066,9.800082074088044,9.800082074088044
-0.08499999999999996,1,1.083581230354171,1.0835812303541703,1.0835812303541714,1.0835812303541708,1.0835812303541703,1.0835812303541694,4.334324921416683,17.337299685666732,9.752231073187538,9.752231073187538
-0.08250000000000002,1,1.078455731609421,1.078455731609421,1.078455731609421,1.0784557316094219,1.0784557316094199,1.0784557316094199,4.313822926437684,17.255291705750736,9.70610158448479,9.70610158448479
-0.08000000000000002,1,1.073517902096846,1.0735179020968448,1.0735179020968497,1.0735179020968393,1.0735179020968546,1.0735179020968464,4.294071608387381,17.176286433549535,9.661661118871615,9.661661118871615
-0.07750000000000001,1,1.0687642924513676,1.068764292451367,1.068764292451365,1.0687642924513687,1.068764292451366,1.0687642924513692,4.275057169805469,17.100228679221875,9.618878632062302,9.618878632062302
-0.07500000000000001,1,1.0641916082634646,1.064191608263464,1.064191608263465,1.0641916082634635,1.0641916082634653,1.064191608263464,4.2567664330538575,17.02706573221543,9.577724474371179,9.577724474371179
-0.07250000000000001,1,1.0597967048031367,1.059796704803136,1.0597967048031378,1.0597967048031303,1.059796704803147,1.0597967048031411,4.239186819212545,16.95674727685018,9.538170343228233,9.538170343228233
-0.07,1,1.0555765820328558,1.0555765820328558,1.0555765820328598,1.0555765820328495,1.0555765820328642,1.0555765820328558,4.222306328131423,16.889225312525692,9.500189238295711,9.500189238295711
-0.0675,1,1.0515283798951658,1.0515283798951651,1.05152837989516,1.0515283798951738,1.0515283798951554,1.0515283798951665,4.206113519580662,16.82445407832265,9.463755419056485,9.463755419056485
-0.065,1,1.047649373861602,1.047649373861602,1.0476493738615997,1.047649373861603,1.047649373861602,1.0476493738616048,4.190597495446408,16.76238998178563,9.428844364754417,9.428844364754417
-0.0625,1,1.0439369707304433,1.0439369707304433,1.0439369707304451,1.0439369707304411,1.0439369707304467,1.043936970730443,4.175747882921773,16.702991531687093,9.395432736573992,9.395432736573992
-0.06,1,1.040388704661616,1.040388704661616,1.0403887046616185,1.0403887046616105,1.0403887046616238,1.0403887046616171,4.161554818646464,16.646219274585857,9.363498341954546,9.363498341954546
-0.057499999999999996,1,1.0370022334378979,1.0370022334378979,1.0370022334378997,1.0370022334378945,1.0370022334379028,1.0370022334378985,4.1480089337515915,16.592035735006366,9.333020100941082,9.333020100941082
-0.05499999999999999,1,1.0337753349422165,1.0337753349422165,1.0337753349422205,1.03377533494221,1.033775334942225,1.0337753349422167,4.135101339768866,16.540405359075464,9.303978014479954,9.303978014479954
-0.05249999999999999,1,1.0307059038415762,1.030705903841575,1.0307059038415745,1.0307059038415833,1.0307059038415611,1.0307059038415678,4.122823615366302,16.49129446146521,9.276353134574173,9.276353134574173
-0.04999999999999999,1,1.0277919484687772,1.0277919484687763,1.0277919484687816,1.0277919484687712,1.027791948468784,1.0277919484687752,4.111167793875107,16.444671175500428,9.250127536219,9.250127536219
-0.04749999999999999,1,1.0250315878936587,1.0250315878936587,1.0250315878936613,1.0250315878936527,1.0250315878936687,1.025031587893662,4.100126351574635,16.40050540629854,9.225284291042936,9.225284291042936
-0.044999999999999984,1,1.022423049176193,1.022423049176193,1.0224230491761923,1.02242304917619,1.0224230491761994,1.022423049176198,4.089692196704772,16.358768786819088,9.20180744258574,9.20180744258574
-0.04249999999999998,1,1.019964664794321,1.0199646647943204,1.0199646647943195,1.0199646647943237,1.0199646647943161,1.0199646647943192,4.079858659177282,16.31943463670913,9.179681983148884,9.179681983148884
-0.03999999999999998,1,1.017654870239846,1.017654870239846,1.0176548702398456,1.0176548702398462,1.0176548702398451,1.0176548702398462,4.070619480959384,16.282477923837536,9.158893832158617,9.158893832158617
-0.03749999999999998,1,1.0154922017762864,1.0154922017762864,1.015492201776284,1.0154922017762902,1.015492201776281,1.0154922017762864,4.061968807105146,16.247875228420583,9.139429815986572,9.139429815986572
-0.034999999999999976,1,1.0134752943529564,1.0134752943529564,1.0134752943529577,1.0134752943529515,1.0134752943529641,1.0134752943529597,4.053901177411825,16.2156047096473,9.12127764917661,9.12127764917661
-0.03249999999999997,1,1.0116028796700205,1.0116028796700212,1.0116028796700223,1.0116028796700145,1.0116028796700307,1.0116028796700258,4.046411518680083,16.185646074720328,9.104425917030191,9.104425917030191
-0.02999999999999997,1,1.0098737843896903,1.0098737843896894,1.0098737843896881,1.0098737843896937,1.009873784389685,1.0098737843896892,4.0394951375587596,16.157980550235038,9.088864059507207,9.088864059507207
-0.02749999999999997,1,1.008286928489075,1.008286928489075,1.0082869284890745,1.0082869284890712,1.0082869284890819,1.00828692848908,4.0331477139563,16.1325908558252,9.074582356401677,9.074582356401677
-0.024999999999999967,1,1.006841323750648,1.0068413237506473,1.0068413237506457,1.0068413237506513,1.0068413237506424,1.0068413237506468,4.02736529500259,16.10946118001036,9.061571913755825,9.061571913755825
-0.022499999999999964,1,1.0055360723865756,1.0055360723865756,1.0055360723865818,1.0055360723865672,1.005536072386587,1.0055360723865747,4.022144289546302,16.08857715818521,9.04982465147919,9.04982465147919
-0.020000000000000018,1,1.0043703657935579,1.004370365793557,1.0043703657935574,1.0043703657935579,1.004370365793557,1.0043703657935574,4.01748146317423,16.06992585269692,9.03933329214202,9.03933329214202
-0.017500000000000016,1,1.0033434834351371,1.0033434834351362,1.0033434834351354,1.003343483435139,1.003343483435135,1.0033434834351378,4.013373933740547,16.053495734962187,9.030091350916232,9.030091350916232
-0.015000000000000013,1,1.0024547918487638,1.0024547918487632,1.0024547918487594,1.002454791848768,1.0024547918487599,1.0024547918487667,4.0098191673950545,16.039276669580218,9.02209312663887,9.02209312663887
-0.012500000000000011,1,1.0017037437752137,1.0017037437752128,1.0017037437752134,1.0017037437752152,1.00170374377521,1.001703743775211,4.006814975100854,16.027259900403415,9.01533369397692,9.01533369397692
-0.010000000000000009,1,1.0010898774082544,1.001089877408254,1.0010898774082533,1.0010898774082593,1.0010898774082448,1.001089877408249,4.004359509633017,16.017438038532067,9.009808896674285,9.009808896674285
-0.007500000000000007,1,1.0006128157627625,1.0006128157627616,1.0006128157627625,1.0006128157627625,1.0006128157627614,1.0006128157627614,4.002451263051048,16.009805052204193,9.00551534186486,9.00551534186486
-0.0050000000000000044,1,1.0002722661597867,1.0002722661597867,1.0002722661597891,1.0002722661597803,1.000272266159797,1.00027226615979,4.001089064639147,16.004356258556587,9.002450395438087,9.002450395438087
-0.0025000000000000022,1,1.0000680198272933,1.0000680198272927,1.0000680198272942,1.0000680198272909,1.000068019827296,1.0000680198272933,4.0002720793091715,16.001088317236693,9.000612178445639,9.000612178445639
0.0,1,0.9999999516156665,0.9999999516156665,0.999999951615669,0.9999999516156636,0.999999951615669,0.9999999516156647,3.999999806462666,15.999999225850663,8.999999564541001,8.999999564541001
0.0025000000000000577,1,1.0000680198272933,1.0000680198272927,1.0000680198272942,1.0000680198272909,1.000068019827296,1.0000680198272933,4.0002720793091715,16.001088317236693,9.000612178445639,9.000612178445639
0.0050000000000000044,1,1.0002722661597867,1.0002722661597867,1.0002722661597891,1.0002722661597803,1.000272266159797,1.00027226615979,4.001089064639147,16.004356258556587,9.002450395438087,9.002450395438087
0.007500000000000062,1,1.0006128157627625,1.0006128157627616,1.0006128157627625,1.0006128157627625,1.0006128157627614,1.0006128157627614,4.002451263051048,16.009805052204193,9.00551534186486,9.00551534186486
0.010000000000000009,1,1.0010898774082544,1.001089877408254,1.0010898774082533,1.0010898774082593,1.0010898774082448,1.001089877408249,4.004359509633017,16.017438038532067,9.009808896674285,9.009808896674285
0.012499999999999956,1,1.0017037437752137,1.0017037437752128,1.0017037437752134,1.0017037437752152,1.00170374377521,1.001703743775211,4.006814975100854,16.027259900403415,9.01533369397692,9.01533369397692
0.015000000000000013,1,1.0024547918487638,1.0024547918487632,1.0024547918487594,1.002454791848768,1.0024547918487599,1.0024547918487667,4.0098191673950545,16.039276669580218,9.02209312663887,9.02209312663887
0.01749999999999996,1,1.0033434834351371,1.0033434834351362,1.0033434834351354,1.003343483435139,1.003343483435135,1.0033434834351378,4.013373933740547,16.053495734962187,9.030091350916232,9.030091350916232
0.020000000000000018,1,1.0043703657935579,1.004370365793557,1.0043703657935574,1.0043703657935579,1.004370365793557,1.0043703657935574,4.01748146317423,16.06992585269692,9.03933329214202,9.03933329214202
0.022499999999999964,1,1.0055360723865756,1.0055360723865756,1.0055360723865818,1.0055360723865672,1.005536072386587,1.0055360723865747,4.022144289546302,16.08857715818521,9.04982465147919,9.04982465147919
0.025000000000000022,1,1.006841323750648,1.0068413237506473,1.0068413237506457,1.0068413237506513,1.0068413237506424,1.0068413237506468,4.02736529500259,16.10946118001036,9.061571913755825,9.061571913755825
0.02749999999999997,1,1.008286928489075,1.008286928489075,1.0082869284890745,1.0082869284890712,1.0082869284890819,1.00828692848908,4.0331477139563,16.1325908558252,9.074582356401677,9.074582356401677
0.030000000000000027,1,1.0098737843896903,1.0098737843896894,1.0098737843896881,1.0098737843896937,1.009873784389685,1.0098737843896892,4.0394951375587596,16.157980550235038,9.088864059507207,9.088864059507207
0.03249999999999997,1,1.0116028796700205,1.0116028796700212,1.0116028796700223,1.0116028796700145,1.0116028796700307,1.0116028796700258,4.046411518680083,16.185646074720328,9.104425917030191,9.104425917030191
0.03500000000000003,1,1.0134752943529564,1.0134752943529564,1.0134752943529577,1.0134752943529515,1.0134752943529641,1.0134752943529597,4.053901177411825,16.2156047096473,9.12127764917661,9.12127764917661
0.03749999999999998,1,1.0154922017762864,1.0154922017762864,1.015492201776284,1.0154922017762902,1.015492201776281,1.0154922017762864,4.061968807105146,16.247875228420583,9.139429815986572,9.139429815986572
0.040000000000000036,1,1.017654870239846,1.017654870239846,1.0176548702398456,1.0176548702398462,1.0176548702398451,1.0176548702398462,4.070619480959384,16.282477923837536,9.158893832158617,9.158893832158617
0.04249999999999998,1,1.019964664794321,1.0199646647943204,1.0199646647943195,1.0199646647943237,1.0199646647943161,1.0199646647943192,4.079858659177282,16.31943463670913,9.179681983148884,9.179681983148884
0.04500000000000004,1,1.0224230491761934,1.0224230491761925,1.0224230491761908,1.0224230491761959,1.0224230491761896,1.0224230491761936,4.089692196704772,16.358768786819088,9.201807442585734,9.201807442585734
0.04749999999999999,1,1.0250315878936587,1.0250315878936587,1.0250315878936613,1.0250315878936527,1.0250315878936687,1.025031587893662,4.100126351574635,16.40050540629854,9.225284291042936,9.225284291042936
0.050000000000000044,1,1.0277919484687772,1.0277919484687772,1.0277919484687783,1.0277919484687714,1.0277919484687879,1.0277919484687827,4.111167793875109,16.444671175500435,9.250127536219,9.250127536219
0.05249999999999999,1,1.0307059038415762,1.030705903841575,1.0307059038415745,1.0307059038415833,1.0307059038415611,1.0307059038415678,4.122823615366302,16.49129446146521,9.276353134574173,9.276353134574173
0.05500000000000005,1,1.0337753349422165,1.0337753349422165,1.0337753349422205,1.03377533494221,1.033775334942225,1.0337753349422167,4.135101339768866,16.540405359075464,9.303978014479954,9.303978014479954
0.057499999999999996,1,1.0370022334378979,1.0370022334378979,1.0370022334378997,1.0370022334378945,1.0370022334379028,1.0370022334378985,4.1480089337515915,16.592035735006366,9.333020100941082,9.333020100941082
0.06000000000000005,1,1.0403887046616163,1.0403887046616156,1.0403887046616174,1.0403887046616163,1.0403887046616138,1.0403887046616123,4.161554818646464,16.64621927458586,9.363498341954543,9.363498341954543
0.0625,1,1.0439369707304433,1.0439369707304433,1.0439369707304451,1.0439369707304411,1.0439369707304467,1.043936970730443,4.175747882921773,16.702991531687093,9.395432736573992,9.395432736573992
0.06500000000000006,1,1.047649373861602,1.047649373861602,1.0476493738615997,1.047649373861603,1.047649373861602,1.0476493738616048,4.190597495446408,16.76238998178563,9.428844364754417,9.428844364754417
0.0675,1,1.0515283798951658,1.0515283798951651,1.05152837989516,1.0515283798951738,1.0515283798951554,1.0515283798951665,4.206113519580662,16.82445407832265,9.463755419056485,9.463755419056485
0.07000000000000006,1,1.0555765820328558,1.0555765820328558,1.0555765820328598,1.0555765820328495,1.0555765820328642,1.0555765820328558,4.222306328131423,16.889225312525692,9.500189238295711,9.500189238295711
0.07250000000000001,1,1.0597967048031367,1.059796704803136,1.0597967048031378,1.0597967048031303,1.059796704803147,1.0597967048031411,4.239186819212545,16.95674727685018,9.538170343228233,9.538170343228233
0.07500000000000007,1,1.0641916082634646,1.064191608263464,1.064191608263465,1.0641916082634635,1.0641916082634653,1.064191608263464,4.2567664330538575,17.02706573221543,9.577724474371179,9.577724474371179
0.07750000000000001,1,1.0687642924513676,1.068764292451367,1.068764292451365,1.0687642924513687,1.068764292451366,1.0687642924513692,4.275057169805469,17.100228679221875,9.618878632062302,9.618878632062302
0.07999999999999996,1,1.073517902096846,1.0735179020968448,1.0735179020968437,1.073517902096848,1.073517902096842,1.0735179020968453,4.294071608387381,17.176286433549535,9.66166111887161,9.66166111887161
0.08250000000000002,1,1.078455731609421,1.078455731609421,1.078455731609421,1.0784557316094219,1.0784557316094199,1.0784557316094199,4.313822926437684,17.255291705750736,9.70610158448479,9.70610158448479
0.08499999999999996,1,1.083581230354171,1.0835812303541703,1.0835812303541714,1.0835812303541708,1.0835812303541703,1.0835812303541694,4.334324921416683,17.337299685666732,9.752231073187538,9.752231073187538
0.08750000000000002,1,1.0888980082320048,1.0888980082320039,1.088898008232004,1.0888980082320066,1.0888980082320001,1.088898008232002,4.355592032928016,17.422368131712076,9.800082074088039,9.800082074088039
0.08999999999999997,1,1.0944098415805938,1.0944098415805938,1.094409841580593,1.0944098415805943,1.0944098415805938,1.0944098415805945,4.377639366322375,17.5105574652895,9.849688574225343,9.849688574225343
0.09250000000000003,1,1.1001206794134355,1.1001206794134355,1.100120679413437,1.1001206794134326,1.1001206794134402,1.1001206794134368,4.400482717653742,17.601930870614968,9.901086114720922,9.901086114720922
0.09499999999999997,1,1.1060346500158231,1.1060346500158225,1.1060346500158194,1.1060346500158305,1.1060346500158116,1.10603465001582,4.424138600063291,17.696554400253163,9.954311850142398,9.954311850142398
0.09750000000000003,1,1.1121560679178042,1.1121560679178042,1.1121560679178026,1.112156067917805,1.1121560679178042,1.1121560679178066,4.448624271671217,17.794497086684867,10.00940461126024,10.00940461126024
0.09999999999999998,1,1.118489441265582,1.118489441265582,1.1184894412655784,1.118489441265584,1.1184894412655806,1.1184894412655857,4.473957765062328,17.89583106024931,10.066404971390234,10.066404971390234
0.10250000000000004,1,1.1250394796144125,1.1250394796144125,1.1250394796144167,1.1250394796144045,1.1250394796144247,1.1250394796144156,4.50015791845765,18.0006316738306,10.12535531652972,10.12535531652972
0.10499999999999998,1,1.1318111021676398,1.131811102167639,1.1318111021676422,1.1318111021676363,1.1318111021676434,1.131811102167638,4.527244408670557,18.10897763468223,10.186299919508757,10.186299919508757
0.10750000000000004,1,1.1388094464882612,1.1388094464882619,1.1388094464882648,1.138809446488254,1.138809446488273,1.1388094464882648,4.555237785953047,18.22095114381218,10.249285018394358,10.249285018394358
0.10999999999999999,1,1.1460398777113945,1.146039877711394,1.1460398777113945,1.146039877711394,1.146039877711394,1.146039877711394,4.584159510845576,18.336638043382305,10.314358899402553,10.314358899402553
0.11250000000000004,1,1.1535079982879546,1.153507998287954,1.1535079982879528,1.1535079982879592,1.1535079982879468,1.1535079982879515,4.6140319931518174,18.45612797260727,10.381571984591586,10.381571984591586
0.11499999999999999,1,1.161219658292148,1.161219658292148,1.1612196582921515,1.161219658292143,1.1612196582921546,1.1612196582921475,4.644878633168592,18.579514532674366,10.450976924629336,10.450976924629336
0.11750000000000005,1,1.169180966327729,1.169180966327728,1.1691809663277286,1.1691809663277328,1.1691809663277197,1.1691809663277233,4.676723865310914,18.706895461243658,10.522628696949553,10.522628696949553
0.12,1,1.1773983010705362,1.1773983010705362,1.1773983010705384,1.17739830107053,1.1773983010705449,1.177398301070538,4.709593204282145,18.83837281712858,10.596584709634827,10.596584709634827
0.12250000000000005,1,1.1858783234876251,1.1858783234876251,1.185878323487624,1.185878323487623,1.1858783234876307,1.1858783234876304,4.7435132939505005,18.974053175802002,10.672904911388631,10.672904911388631
0.125,1,1.1946279897762935,1.1946279897762917,1.1946279897762895,1.1946279897762972,1.1946279897762873,1.1946279897762935,4.7785119591051695,19.114047836420678,10.751651907986632,10.751651907986632
0.12750000000000006,1,1.2036545650695856,1.203654565069585,1.203654565069585,1.2036545650695878,1.2036545650695802,1.2036545650695827,4.8146182602783405,19.258473041113362,10.832891085626265,10.832891085626265
0.13,1,1.2129656379583242,1.2129656379583236,1.212965637958326,1.2129656379583247,1.2129656379583207,1.2129656379583196,4.851862551833296,19.407450207333188,10.916690741624917,10.916690741624917
0.13250000000000006,1,1.2225691358836228,1.222569135883622,1.222569135883621,1.2225691358836264,1.2225691358836166,1.222569135883621,4.8902765435344895,19.561106174137958,11.003122222952598,11.003122222952598
0.135,1,1.232473341457854,1.232473341457853,1.2324733414578548,1.2324733414578528,1.2324733414578544,1.2324733414578528,4.929893365831414,19.719573463325663,11.092260073120686,11.092260073120686
0.13750000000000007,1,1.2426869097766735,1.242686909776672,1.2426869097766733,1.2426869097766733,1.2426869097766724,1.242686909776672,4.970747639106691,19.882990556426765,11.18418218799006,11.18418218799006
0.14,1,1.2532188867894574,1.2532188867894563,1.2532188867894551,1.2532188867894596,1.2532188867894534,1.253218886789457,5.012875547157828,20.05150218863131,11.278969981105108,11.278969981105108
0.14249999999999996,1,1.2640787288008914,1.2640787288008914,1.2640787288008952,1.2640787288008861,1.2640787288008992,1.264078728800892,5.056314915203566,20.225259660814263,11.376708559208028,11.376708559208028
0.14500000000000002,1,1.275276323182183,1.2752763231821822,1.2752763231821815,1.2752763231821849,1.2752763231821793,1.2752763231821822,5.101105292728731,20.404421170914922,11.47748690863964,11.47748690863964
0.14749999999999996,1,1.286822010376631,1.2868220103766301,1.2868220103766328,1.2868220103766264,1.2868220103766368,1.2868220103766328,5.147288041506522,20.58915216602609,11.581398093389685,11.581398093389685
0.15000000000000002,1,1.2987266072911785,1.2987266072911776,1.298726607291178,1.2987266072911803,1.2987266072911732,1.298726607291175,5.194906429164712,20.77962571665885,11.688539465620597,11.688539465620597
0.15249999999999997,1,1.311001432172935,1.3110014321729342,1.311001432172933,1.311001432172937,1.3110014321729317,1.311001432172935,5.2440057286917385,20.976022914766954,11.799012889556415,11.799012889556415
0.15500000000000003,1,1.323658331077879,1.323658331077879,1.3236583310778753,1.3236583310778816,1.3236583310778778,1.3236583310778827,5.294633324311516,21.178533297246062,11.912924979700906,11.912924979700906
0.15749999999999997,1,1.3367097060477477,1.3367097060477469,1.3367097060477515,1.3367097060477398,1.336709706047758,1.3367097060477489,5.346838824190989,21.387355296763957,12.030387354429731,12.030387354429731
0.16000000000000003,1,1.3501685451208736,1.350168545120873,1.350168545120874,1.350168545120869,1.3501685451208811,1.3501685451208774,5.400674180483493,21.60269672193397,12.151516906087865,12.151516906087865
0.16249999999999998,1,1.3640484543132774,1.3640484543132774,1.3640484543132774,1.364048454313276,1.3640484543132798,1.364048454313279,5.4561938172531095,21.824775269012438,12.276436088819503,12.276436088819503
0.16500000000000004,1,1.378363691718004,1.378363691718003,1.3783636917179996,1.3783636917180049,1.3783636917180042,1.3783636917180087,5.513454766872013,22.053819067488053,12.40527322546203,12.40527322546203
0.16749999999999998,1,1.3931292038833094,1.3931292038833087,1.393129203883309,1.3931292038833067,1.3931292038833147,1.3931292038833127,5.572516815533236,22.290067262132943,12.53816283494978,12.53816283494978
0.17000000000000004,1,1.4083606646443392,1.4083606646443383,1.4083606646443383,1.40836066464434,1.408360664644337,1.4083606646443383,5.633442658577356,22.533770634309427,12.67524598179905,12.67524598179905
0.1725,1,1.4240745165981268,1.424074516598126,1.4240745165981226,1.4240745165981326,1.4240745165981188,1.4240745165981266,5.696298066392506,22.78519226557003,12.816670649383132,12.816670649383132
0.17500000000000004,1,1.4402880154286597,1.4402880154286597,1.4402880154286626,1.44028801542865,1.4402880154286752,1.4402880154286652,5.761152061714639,23.044608246858555,12.962592138857948,12.962592138857948
0.1775,1,1.4570192773070965,1.4570192773070958,1.4570192773070918,1.4570192773071065,1.4570192773070776,1.4570192773070898,5.828077109228384,23.312308436913543,13.113173495763855,13.113173495763855
0.18000000000000005,1,1.4742873296126076,1.4742873296126073,1.4742873296126082,1.4742873296126042,1.474287329612614,1.4742873296126109,5.89714931845043,23.58859727380172,13.268585966513474,13.268585966513474
0.1825,1,1.4921121652416844,1.4921121652416833,1.4921121652416889,1.4921121652416813,1.4921121652416844,1.4921121652416773,5.968448660966736,23.873794643866944,13.429009487175154,13.429009487175154
0.18500000000000005,1,1.5105148007983642,1.510514800798363,1.5105148007983649,1.5105148007983649,1.5105148007983598,1.5105148007983598,6.042059203193453,24.168236812773827,13.594633207185273,13.594633207185273
0.1875,1,1.5295173389850805,1.5295173389850805,1.5295173389850814,1.5295173389850756,1.529517338985089,1.529517338985085,6.118069355940322,24.472277423761287,13.765656050865726,13.765656050865726
0.19000000000000006,1,1.5491430355438986,1.5491430355438978,1.549143035543899,1.5491430355439013,1.549143035543891,1.549143035543893,6.196572142175594,24.786288568702375,13.942287319895081,13.942287319895081
0.1925,1,1.5694163711310833,1.5694163711310833,1.5694163711310825,1.5694163711310765,1.5694163711310969,1.569416371131093,6.277665484524333,25.110661938097333,14.124747340179761,14.124747340179761
0.19500000000000006,1,1.5903631285447597,1.5903631285447597,1.5903631285447606,1.590363128544752,1.5903631285447728,1.590363128544767,6.361452514179039,25.445810056716155,14.313268156902842,14.313268156902842
0.1975,1,1.612010475766163,1.612010475766162,1.6120104757661584,1.6120104757661646,1.6120104757661629,1.612010475766168,6.448041903064651,25.79216761225861,14.508094281895463,14.508094281895463
0.20000000000000007,1,1.6343870553201751,1.6343870553201751,1.6343870553201827,1.6343870553201636,1.634387055320192,1.6343870553201767,6.537548221280701,26.150192885122802,14.709483497881587,14.709483497881587
0.2025,1,1.6575230805109842,1.657523080510983,1.657523080510985,1.6575230805109795,1.6575230805109906,1.657523080510987,6.630092322043935,26.52036928817574,14.917707724598854,14.917707724598854
0.20499999999999996,1,1.6814504391445282,1.6814504391445289,1.6814504391445362,1.6814504391445133,1.6814504391445515,1.681450439144534,6.725801756578114,26.90320702631245,15.133053952300775,15.133053952300775
0.20750000000000002,1,1.7062028054114629,1.7062028054114629,1.706202805411465,1.7062028054114577,1.7062028054114704,1.706202805411465,6.824811221645851,27.299244886583406,15.355825248703173,15.355825248703173
0.20999999999999996,1,1.7318157606734632,1.7318157606734619,1.7318157606734648,1.7318157606734608,1.7318157606734652,1.7318157606734614,6.927263042693849,27.709052170775397,15.586341846061162,15.586341846061162
0.21250000000000002,1,1.7583269239729857,1.7583269239729835,1.7583269239729864,1.7583269239729893,1.7583269239729729,1.7583269239729744,7.033307695891938,28.133230783567758,15.824942315756855,15.824942315756855
0.21499999999999997,1,1.785776093172573,1.7857760931725721,1.7857760931725735,1.7857760931725741,1.785776093172569,1.785776093172569,7.143104372690289,28.572417490761158,16.071984838553156,16.071984838553156
0.21750000000000003,1,1.814205397726339,1.814205397726338,1.81420539772634,1.8142053977263386,1.8142053977263368,1.8142053977263362,7.256821590905354,29.027286363621418,16.327848579537054,16.327848579537054
0.21999999999999997,1,1.8436594641940025,1.8436594641940025,1.8436594641940027,1.8436594641940038,1.843659464193997,1.8436594641939978,7.37463785677601,29.49855142710404,16.59293517774602,16.59293517774602
0.22250000000000003,1,1.8741855957288815,1.8741855957288804,1.8741855957288824,1.8741855957288704,1.8741855957289009,1.874185595728892,7.496742382915524,29.986969531662098,16.867670361559938,16.867670361559938
0.22499999999999998,1,1.9058339669070194,1.9058339669070183,1.9058339669070214,1.9058339669070152,1.9058339669070241,1.905833966907019,7.623335867628076,30.493343470512304,17.152505702163182,17.152505702163182
0.22750000000000004,1,1.9386578354172768,1.9386578354172779,1.9386578354172856,1.9386578354172668,1.938657835417291,1.9386578354172754,7.75463134166911,31.01852536667643,17.447920518755506,17.447920518755506
0.22999999999999998,1,1.9727137723040453,1.9727137723040442,1.9727137723040375,1.972713772304057,1.972713772304027,1.9727137723040424,7.890855089216179,31.563420356864714,17.75442395073639,17.75442395073639
0.23250000000000004,1,2.0080619126480386,2.0080619126480377,2.0080619126480426,2.0080619126480204,2.008061912648069,2.0080619126480523,8.032247650592153,32.12899060236862,18.072557213832358,18.072557213832358
0.235,1,2.0447662287892423,2.0447662287892414,2.044766228789246,2.0447662287892445,2.0447662287892325,2.0447662287892303,8.179064915156967,32.71625966062787,18.402896059103174,18.402896059103174
0.23750000000000004,1,2.082894828443569,2.082894828443569,2.0828948284435755,2.0828948284435596,2.082894828443582,2.0828948284435684,8.331579313774276,33.3263172550971,18.746053455992133,18.746053455992133
0.24,1,2.122520280344725,2.122520280344725,2.122520280344729,2.122520280344714,2.1225202803447427,2.122520280344731,8.4900811213789,33.9603244855156,19.102682523102537,19.102682523102537
0.24250000000000005,1,2.1637199703605825,2.16371997036058,2.1637199703605856,2.1637199703605785,2.1637199703605834,2.1637199703605776,8.654879881442326,34.619519525769306,19.473479733245227,19.473479733245227
0.245,1,2.2065764913941903,2.2065764913941903,2.2065764913941996,2.2065764913941734,2.2065764913942156,2.2065764913941956,8.826305965576761,35.305223862307045,19.859188422547728,19.859188422547728
0.24750000000000005,1,2.251178070790393,2.251178070790393,2.2511780707903952,2.2511780707903806,2.2511780707904157,2.251178070790405,9.004712283161572,36.01884913264629,20.26060263711355,20.26060263711355
0.25,1,2.2976190394371163,2.2976190394371163,2.2976190394371248,2.297619039437103,2.297619039437136,2.297619039437118,9.190476157748465,36.76190463099386,20.678571354934064,20.678571354934064
0.25250000000000006,1,2.3460003472851447,2.346000347285146,2.346000347285146,2.3460003472851305,2.3460003472851754,2.346000347285164,9.384001389140582,37.536005556562316,21.11400312556632,21.11400312556632
0.255,1,2.396430130621706,2.396430130621706,2.3964301306217073,2.3964301306216895,2.396430130621734,2.3964301306217215,9.585720522486824,38.342882089947295,21.56787117559536,21.56787117559536
0.25750000000000006,1,2.449024337134322,2.449024337134322,2.4490243371343277,2.449024337134309,2.4490243371343388,2.449024337134325,9.796097348537288,39.18438939414915,22.041219034208915,22.041219034208915
0.26,1,2.503907415606173,2.5039074156061707,2.5039074156061782,2.503907415606163,2.503907415606183,2.5039074156061707,10.015629662424688,40.06251864969875,22.53516674045555,22.53516674045555
0.26250000000000007,1,2.561213078010373,2.5612130780103715,2.5612130780103723,2.561213078010361,2.561213078010394,2.5612130780103866,10.24485231204149,40.979409248165965,23.050917702093365,23.050917702093365
0.265,1,2.621085142838089,2.621085142838089,2.621085142838096,2.621085142838073,2.6210851428381146,2.621085142838096,10.484340571352355,41.93736228540942,23.58976628554281,23.58976628554281
0.26750000000000007,1,2.6836784697288274,2.6836784697288243,2.6836784697288243,2.683678469728826,2.6836784697288283,2.6836784697288296,10.734713878915304,42.93885551566122,24.15310622755944,24.15310622755944
0.27,1,2.749159996898776,2.749159996898774,2.749159996898774,2.749159996898777,2.74915999689877,2.749159996898774,10.996639987595099,43.986559950380396,24.742439972088974,24.742439972088974
0.27249999999999996,1,2.8177098945198056,2.817709894519803,2.81770989451981,2.8177098945197967,2.8177098945198145,2.817709894519803,11.270839578079217,45.08335831231687,25.359389050678246,25.359389050678246
0.275,1,2.8895228491276086,2.8895228491276086,2.8895228491276153,2.8895228491276,2.88952284912762,2.8895228491276077,11.558091396510434,46.23236558604174,26.005705642148488,26.005705642148488
0.27749999999999997,1,2.964809496382634,2.964809496382634,2.9648094963826415,2.9648094963826193,2.9648094963826592,2.96480949638264,11.859237985530536,47.43695194212214,26.68328546744372,26.68328546744372
0.28,1,3.043798022130239,3.043798022130239,3.04379802213025,3.04379802213021,3.0437980221302894,3.04379802213026,12.175192088520957,48.70076835408383,27.394182199172178,27.394182199172178
0.2825,1,3.126735954778279,3.126735954778278,3.1267359547782845,3.126735954778261,3.1267359547783076,3.1267359547782907,12.506943819113111,50.027775276452445,28.14062359300452,28.14062359300452
0.28500000000000003,1,3.2138921756174574,3.2138921756174574,3.213892175617459,3.213892175617451,3.21389217561747,3.213892175617464,12.85556870246983,51.42227480987932,28.925029580557137,28.925029580557137
0.2875,1,3.305559177955994,3.305559177955994,3.3055591779559994,3.305559177955985,3.305559177956006,3.305559177955996,13.222236711823976,52.888946847295905,29.750032601603948,29.750032601603948
0.29000000000000004,1,3.4020556109531994,3.4020556109531968,3.402055610953201,3.4020556109531968,3.4020556109531994,3.402055610953196,13.608222443812792,54.43288977525119,30.618500498578786,30.618500498578786
0.2925,1,3.503729149970669,3.503729149970669,3.503729149970678,3.503729149970659,3.503729149970681,3.5037291499706646,14.014916599882676,56.059666399530705,31.533562349736027,31.533562349736027
0.29500000000000004,1,3.6109597423054107,3.610959742305413,3.6109597423054116,3.610959742305385,3.610959742305463,3.610959742305444,14.443838969221646,57.775355876886586,32.49863768074872,32.49863768074872
0.2975,1,3.724163285559121,3.7241632855591273,3.7241632855591296,3.7241632855591202,3.7241632855591256,3.724163285559116,14.896653142236499,59.586612568945995,33.517469570032105,33.517469570032105
0.30000000000000004,1,3.8437958059201804,3.8437958059201778,3.8437958059201804,3.843795805920169,3.843795805920199,3.843795805920192,15.375183223680716,61.50073289472289,34.594162253281624,34.594162253281624
0.3025,1,3.9703582156454735,3.970358215645476,3.9703582156454806,3.970358215645465,3.9703582156454886,3.9703582156454753,15.881432862581901,63.525731450327605,35.73322394080928,35.73322394080928
0.30500000000000005,1,4.104401743470937,4.10440174347094,4.104401743470943,4.104401743470916,4.104401743470982,4.104401743470962,16.417606973883753,65.67042789553501,36.93961569123847,36.93961569123847
0.3075,1,4.2465341491050905,4.2465341491050905,4.246534149105096,4.246534149105098,4.24653414910507,4.246534149105069,16.986136596420362,67.94454638568145,38.21880734194581,38.21880734194581
0.31000000000000005,1,4.397426854060711,4.397426854060707,4.397426854060721,4.397426854060682,4.3974268540607495,4.397426854060721,17.589707416242835,70.35882966497134,39.576841686546416,39.576841686546416
0.3125,1,4.557823146727464,4.557823146727454,4.557823146727461,4.55782314672744,4.557823146727496,4.557823146727481,18.231292586909834,72.92517034763935,41.02040832054716,41.02040832054716
0.31500000000000006,1,4.72854765088374,4.728547650883752,4.728547650883757,4.728547650883716,4.728547650883791,4.72854765088376,18.914190603534983,75.6567624141399,42.55692885795373,42.55692885795373
0.3175,1,4.910517285186974,4.910517285186993,4.910517285186983,4.9105172851869625,4.910517285187021,4.910517285187008,19.64206914074793,78.5682765629917,44.19465556668285,44.19465556668285
0.32000000000000006,1,5.104753988353515,5.104753988353515,5.104753988353513,5.104753988353513,5.10475398835352,5.104753988353521,20.41901595341406,81.67606381365624,45.94278589518165,45.94278589518165
0.3225,1,5.312399543028539,5.312399543028543,5.312399543028556,5.312399543028515,5.31239954302858,5.3123995430285476,21.249598172114165,84.99839268845666,47.81159588725688,47.81159588725688
0.32500000000000007,1,5.534732903706004,5.534732903705997,5.534732903706035,5.534732903705933,5.534732903706107,5.534732903706026,22.138931614824006,88.55572645929603,49.81259613335409,49.81259613335409
0.3275,1,5.773190524310479,5.773190524310479,5.773190524310487,5.773190524310444,5.773190524310535,5.773190524310502,23.092762097241916,92.37104838896767,51.95871471879435,51.95871471879435
0.33000000000000007,1,6.029390294185661,6.029390294185651,6.029390294185682,6.029390294185628,6.029390294185693,6.029390294185649,24.117561176742626,96.47024470697052,54.264512647670955,54.264512647670955
0.3325,1,6.305159833785928,6.30515983378591,6.3051598337859325,6.3051598337859,6.305159833785953,6.305159833785926,25.220639335143673,100.88255734057473,56.74643850407332,56.74643850407332
0.33499999999999996,1,6.602570081970072,6.602570081970076,6.602570081970089,6.602570081970012,6.602570081970177,6.602570081970122,26.41028032788029,105.64112131152116,59.42313073773072,59.42313073773072
0.3375,1,6.923975336911348,6.923975336911371,6.923975336911358,6.923975336911345,6.923975336911384,6.923975336911374,27.695901347645442,110.78360539058173,62.31577803220221,62.31577803220221
0.33999999999999997,1,7.272061207599017,7.272061207599013,7.272061207599013,7.272061207599004,7.272061207599037,7.272061207599031,29.08824483039606,116.35297932158427,65.44855086839114,65.44855086839114
0.3425,1,7.649902313360098,7.649902313360102,7.64990231336009,7.649902313360088,7.64990231336013,7.649902313360133,30.5996092534404,122.3984370137616,68.84912082024087,68.84912082024087
0.345,1,8.061032062797501,8.061032062797505,8.061032062797498,8.061032062797484,8.061032062797544,8.061032062797533,32.24412825119001,128.97651300476002,72.54928856517755,72.54928856517755
0.34750000000000003,1,8.509527489345754,8.509527489345734,8.509527489345782,8.5095274893457,8.509527489345803,8.50952748934574,34.03810995738297,136.15243982953191,76.58574740411177,76.58574740411177
0.35,1,9.000112971129607,9.000112971129543,9.000112971129616,9.000112971129532,9.00011297112964,9.000112971129573,36.00045188451831,144.0018075380733,81.0010167401663,81.0010167401663
0.35250000000000004,1,9.538287791480057,9.538287791479975,9.538287791480075,9.538287791479975,9.538287791480062,9.538287791479982,38.153151165920065,152.6126046636804,85.84459012332029,85.84459012332029
0.355,1,10.130484006482478,10.130484006482556,10.130484006482497,10.130484006482458,10.13048400648264,10.130484006482618,40.52193602593009,162.08774410372013,91.17435605834267,91.17435605834267
0.35750000000000004,1,10.784263123510927,10.78426312351105,10.784263123510934,10.78426312351098,10.784263123511014,10.784263123511058,43.13705249404394,172.54820997617557,97.05836811159875,97.05836811159875
0.36,1,11.508562869127969,11.508562869128085,11.508562869128,11.508562869127928,11.508562869128209,11.508562869128163,46.0342514765121,184.13700590604822,103.5770658221522,103.5770658221522
0.36250000000000004,1,12.314009138800232,12.31400913880027,12.314009138800232,12.314009138800275,12.314009138800206,12.314009138800232,49.25603655520099,197.02414622080389,110.82608224920216,110.82608224920216
0.365,1,13.213313517618476,13.213313517618499,13.21331351761849,13.213313517618456,13.213313517618552,13.213313517618525,52.85325407047396,211.41301628189572,118.91982165856642,118.91982165856642
0.36750000000000005,1,14.221784196512703,14.221784196512724,14.221784196512724,14.221784196512663,14.221784196512797,14.22178419651275,56.88713678605085,227.5485471442034,127.99605776861443,127.99605776861443
0.37,1,15.357988665521328,15.357988665521383,15.357988665521372,15.357988665521285,15.357988665521452,15.35798866552139,61.431954662085445,245.72781864834158,138.22189798969222,138.22189798969222
0.37250000000000005,1,16.644621737859605,16.644621737859655,16.64462173785959,16.64462173785966,16.64462173785959,16.644621737859655,66.57848695143852,266.31394780575397,149.80159564073656,149.80159564073656
0.375,1,18.10965454540403,18.10965454540399,18.109654545404034,18.109654545403927,18.109654545404165,18.109654545404087,72.43861818161604,289.75447272646426,162.98689090863624,162.98689090863624
0.37750000000000006,1,19.78787274029988,19.787872740299935,19.787872740299864,19.787872740299925,19.787872740299882,19.787872740299935,79.15149096119961,316.60596384479845,178.09085466269914,178.09085466269914
0.38,1,21.722960935769514,21.722960935769514,21.722960935769446,21.722960935769624,21.72296093576935,21.722960935769486,86.89184374307806,347.5673749723122,195.50664842192552,195.50664842192552
0.38250000000000006,1,23.970364585422946,23.970364607655995,23.970364596532495,23.970364596588418,23.97036458536699,23.970364585366944,95.88145838615786,383.52583350002544,215.73328133563155,215.73328133516975
0.385,1,26.60127515149144,26.601275151491425,26.601275151491407,26.601275151491613,26.601275151491127,26.60127515149126,106.40510060596574,425.62040242386297,239.41147636342276,239.41147636342276
0.38750000000000007,1,29.708263964891277,29.708263964891263,29.708263964891213,29.708263964891298,29.70826396489127,29.708263964891348,118.83305585956508,475.3322234382604,267.3743756840214,267.3743756840214
0.39,1,33.41337790463874,33.413377904638736,33.41337790463877,33.41337790463865,33.41337790463889,33.41337790463879,133.65351161855494,534.6140464742199,300.7204011417488,300.7204011417488
0.39250000000000007,1,37.879974895673044,37.87997487655726,37.879974886121175,37.87997488607317,37.879974895720935,37.87997489572102,151.51989954446066,606.0795982161943,340.9197740036017,340.91977400399884
0.395,1,43.330343425797594,43.330343425797594,43.33034342579761,43.33034342579745,43.33034342579785,43.33034342579774,173.32137370319037,693.2854948127615,389.9730908321784,389.9730908321784
0.39749999999999996,1,50.07241968453194,50.0724196845319,50.07241968453187,50.07241968453212,50.07241968453157,50.07241968453173,200.28967873812766,801.158714952511,450.65177716078705,450.65177716078705
0.4,1,58.54101028542543,58.541010285425386,58.54101028542543,58.54101028542536,58.54101028542554,58.54101028542547,234.1640411417016,936.6561645668064,526.8690925688288,526.8690925688288
0.40249999999999997,1,69.36225752816902,69.36225752816902,69.36225752816885,69.36225752816921,69.36225752816881,69.36225752816911,277.4490301126761,1109.7961204507044,624.2603177535209,624.2603177535209
0.405,1,83.45466687137804,83.45466687137804,83.45466687137788,83.45466687137825,83.45466687137774,83.45466687137807,333.81866748551215,1335.2746699420486,751.092001842402,751.092001842402
0.4075,1,102.18271611349138,102.18271611349134,102.18271611349155,102.18271611349117,102.18271611349158,102.18271611349124,408.73086445396535,1634.9234578158614,919.6444450214224,919.6444450214224
0.41000000000000003,1,127.55907710730227,127.55907710730227,127.5590771073023,127.55907710730239,127.5590771073019,127.55907710730195,510.2363084292091,2040.9452337168364,1148.0316939657198,1148.0316939657198
0.4125,1,162.3320750179999,162.33207501799978,162.3320750179998,162.33207501799964,162.3320750180002,162.3320750180001,649.3283000719993,2597.313200287997,1460.9886751619983,1460.9886751619983
0.41500000000000004,1,208.81623474062036,208.8162346293328,208.8162346850114,208.81623468473154,208.81623474090057,208.81623474090085,835.2649387399064,3341.0597551829005,1879.3461123310904,1879.3461123334012
0.4175,1,259.05594676294066,259.05594676294066,259.0559467629412,259.05594676294044,259.05594676294066,259.0559467629401,1036.2237870517627,4144.895148207051,2331.503520866466,2331.503520866466
0.42000000000000004,1,225.79687329143724,225.79687329143715,225.79687329143724,225.79687329143715,225.79687329143738,225.79687329143744,903.187493165749,3612.749972662996,2032.1718596229355,2032.1718596229355
0.4225,1,402.9947997076295,402.9947997076295,402.99479970763036,402.99479970762724,402.9947997076331,402.9947997076309,1611.979198830518,6447.916795322072,3626.953197368669,3626.953197368669
0.42500000000000004,1,819145882.4421558,819145882.4421556,819145882.4421562,819145882.4421562,819145882.4421542,819145882.4421542,3276583529.7686224,13106334119.074493,7372312941.979402,7372312941.979402
0.4275,0,48579.131295748215,48579.1312957482,48579.13129574841,48579.13129574795,48579.13129574854,48579.13129574818,194316.5251829928,777266.1007319712,437212.1816617343,437212.1816617343
0.43000000000000005,0,5516.4399333897245,5516.439928743964,5516.439931068317,5516.439931056589,5516.439933401455,5516.439933401431,22065.75972426738,88263.0389063903,49647.95938654394,49647.95938664045
0.4325,0,1773.014643539765,1773.0146435397642,1773.0146435397642,1773.0146435397635,1773.0146435397692,1773.0146435397692,7092.058574159059,28368.234296636238,15957.131791857882,15957.131791857882
0.43500000000000005,0,832.5821148879442,832.5821148879439,832.5821148879435,832.5821148879447,832.5821148879428,832.5821148879439,3330.3284595517757,13321.313838207103,7493.239033991495,7493.239033991495
0.4375,0,474.2098294378341,474.20983020398654,474.2098298206689,474.20982982259807,474.2098294359054,474.2098294359054,1896.8393192836409,7587.357275597438,4267.888467243303,4267.88846722739
0.44000000000000006,0,303.261547469125,303.2615472095272,303.2615473394083,303.26154733875325,303.26154746977977,303.26154746977875,1213.0461893573038,4852.184757950046,2729.3539264418605,2729.3539264472533
0.4425,0,209.41933380713436,209.4193338071342,209.4193338071348,209.41933380713363,209.41933380713522,209.41933380713428,837.6773352285371,3350.7093409141485,1884.7740042642092,1884.7740042642092
0.44500000000000006,0,152.710916143276,152.71091603876215,152.71091609105216,152.71091609078837,152.7109161435398,152.7109161435393,610.8436643640762,2443.3746576659905,1374.39824497535,1374.3982449775212
0.4475,0,115.9667516198034,115.9667517143274,115.96675166703619,115.96675166727279,115.96675161956652,115.96675161956541,463.86700666826164,1855.4680264834037,1043.7007648623392,1043.7007648603756
0.45000000000000007,0,90.8651333084607,90.8651333558329,90.86513333213196,90.86513333225092,90.86513330834178,90.8651333083415,363.46053332858713,1453.842133219306,817.7861999185311,817.7861999175469
0.4525,0,72.99115742101293,72.99115742101289,72.99115742101291,72.99115742101323,72.99115742101226,72.99115742101249,291.96462968405166,1167.8585187362066,656.920416789116,656.920416789116
0.45500000000000007,0,59.83209805845846,59.83209805681218,59.832098057635946,59.832098057631235,59.832098058463465,59.83209805846305,239.32839223054123,957.3135689254682,538.4888825211785,538.4888825212128
0.4575,0,49.87514684402533,49.875146844025316,49.87514684402548,49.875146844025075,49.87514684402573,49.87514684402542,199.50058737610132,798.0023495044053,448.8763215962284,448.8763215962284
0.45999999999999996,0,42.166616814732144,42.16661689011317,42.16661685239883,42.16661685258882,42.16661681454226,42.166616814542415,168.66646740969063,674.6658694875259,379.4995515591595,379.4995515575935
0.4625,0,36.08178537034531,36.08178537210658,36.08178537122541,36.08178537122987,36.08178537034078,36.08178537034081,144.32714148490376,577.3085659360817,324.73606833840165,324.736068338365
0.46499999999999997,0,31.197914797726497,31.197914797726497,31.197914797726455,31.19791479772646,31.19791479772661,31.197914797726625,124.79165919090599,499.16663676362396,280.78123317953845,280.78123317953845
0.4675,0,27.22087056054273,27.22087056054273,27.220870560542757,27.220870560542586,27.220870560542984,27.22087056054287,108.88348224217091,435.53392896868365,244.98783504488458,244.98783504488458
0.47,0,23.940998502208885,23.940998502208863,23.940998502208956,23.940998502208668,23.940998502209215,23.94099850220899,95.76399400883548,383.05597603534216,215.46898651988005,215.46898651988005
0.47250000000000003,0,21.20567046034671,21.20567046034671,21.20567046034671,21.205670460346628,21.205670460346866,21.20567046034682,84.82268184138684,339.29072736554735,190.85103414312047,190.85103414312047
0.475,0,18.90168249869113,18.90168249869113,18.90168249869122,18.901682498690867,18.90168249869157,18.90168249869131,75.60672999476452,302.4269199790581,170.1151424882205,170.1151424882205
0.47750000000000004,0,16.94366857711522,16.94366857711522,16.943668577115282,16.943668577115048,16.9436685771155,16.94366857711532,67.77467430846087,271.0986972338435,152.49301719403712,152.49301719403712
0.48,0,15.266293361880683,15.266293337732844,15.26629334981438,15.266293349753528,15.266293361941521,15.266293361941488,61.065173399227035,244.26069364535587,137.39664018434587,137.39664018484746
0.48250000000000004,0,13.818880301195142,13.818880301195133,13.818880301195247,13.818880301194811,13.818880301195687,13.818880301195362,55.275521204780546,221.10208481912218,124.3699227107566,124.3699227107566
0.485,0,12.561645412313919,12.561645412313919,12.561645412313995,12.561645412313798,12.561645412314093,12.561645412313936,50.246581649255674,200.9863265970227,113.05480871082543,113.05480871082543
0.48750000000000004,0,11.463011241607544,11.463011241607528,11.46301124160756,11.4630112416075,11.463011241607596,11.46301124160755,45.852044966430164,183.40817986572065,103.16710117446789,103.16710117446789
0.49,0,10.49766169172749,10.497661691727487,10.497661691727503,10.497661691727467,10.49766169172752,10.49766169172749,41.990646766909954,167.96258706763984,94.47895522554744,94.47895522554744
0.49250000000000005,0,9.64511322111612,9.645113221116116,9.645113221116125,9.645113221116103,9.645113221116139,9.64511322111612,38.58045288446447,154.3218115378579,86.80601899004505,86.80601899004505
0.495,0,8.888651757363421,8.888651757363416,8.888651757363426,8.88865175736339,8.888651757363476,8.888651757363451,35.55460702945368,142.2184281178147,79.99786581627082,79.99786581627082
0.49750000000000005,0,8.214532273522432,8.214532262920118,8.214532268224625,8.214532268197901,8.214532273549136,8.214532273549112,32.8581290728851,131.43251631281174,73.93079042983487,73.93079043005511
0.5,0,7.611369460957341,7.611369460957347,7.611369460957374,7.611369460957287,7.611369460957419,7.611369460957352,30.44547784382937,121.78191137531748,68.50232514861611,68.50232514861611
