rank,tuple,E_pred,rel_error,Q_v2,below_additive_MeV
1,"(0,0,-4,-4,3,15)",1875.705006,0.00005065,1,0.8390
2,"(0,0,-4,-3,3,15)",1875.705006,0.00005065,1,0.8390
3,"(0,0,-4,-2,3,15)",1875.705006,0.00005065,1,0.8390
4,"(0,0,-4,-1,3,15)",1875.705006,0.00005065,1,0.8390
5,"(0,0,-4,0,3,15)",1875.705006,0.00005065,1,0.8390
6,"(0,0,-4,1,3,15)",1875.705006,0.00005065,1,0.8390
7,"(0,0,-4,2,3,15)",1875.705006,0.00005065,1,0.8390
8,"(0,0,-3,-4,3,15)",1875.705006,0.00005065,1,0.8390
9,"(0,0,-3,-3,3,15)",1875.705006,0.00005065,1,0.8390
10,"(0,0,-3,-2,3,15)",1875.705006,0.00005065,1,0.8390
11,"(0,0,-3,-1,3,15)",1875.705006,0.00005065,1,0.8390
12,"(0,0,-3,0,3,15)",1875.705006,0.00005065,1,0.8390
13,"(0,0,-3,1,3,15)",1875.705006,0.00005065,1,0.8390
14,"(0,0,-3,2,3,15)",1875.705006,0.00005065,1,0.8390
15,"(0,0,-2,-4,3,15)",1875.705006,0.00005065,1,0.8390
16,"(0,0,-2,-3,3,15)",1875.705006,0.00005065,1,0.8390
17,"(0,0,-2,-2,3,15)",1875.705006,0.00005065,1,0.8390
18,"(0,0,-2,-1,3,15)",1875.705006,0.00005065,1,0.8390
19,"(0,0,-2,0,3,15)",1875.705006,0.00005065,1,0.8390
20,"(0,0,-2,1,3,15)",1875.705006,0.00005065,1,0.8390
21,"(0,0,-2,2,3,15)",1875.705006,0.00005065,1,0.8390
22,"(0,0,-1,-4,3,15)",1875.705006,0.00005065,1,0.8390
23,"(0,0,-1,-3,3,15)",1875.705006,0.00005065,1,0.8390
24,"(0,0,-1,-2,3,15)",1875.705006,0.00005065,1,0.8390
25,"(0,0,-1,-1,3,15)",1875.705006,0.00005065,1,0.8390
26,"(0,0,-1,0,3,15)",1875.705006,0.00005065,1,0.8390
27,"(0,0,-1,1,3,15)",1875.705006,0.00005065,1,0.8390
28,"(0,0,-1,2,3,15)",1875.705006,0.00005065,1,0.8390
29,"(0,0,0,-4,3,15)",1875.705006,0.00005065,1,0.8390
30,"(0,0,0,-3,3,15)",1875.705006,0.00005065,1,0.8390
31,"(0,0,0,-2,3,15)",1875.705006,0.00005065,1,0.8390
32,"(0,0,0,-1,3,15)",1875.705006,0.00005065,1,0.8390
33,"(0,0,0,0,3,15)",1875.705006,0.00005065,1,0.8390
34,"(0,0,0,1,3,15)",1875.705006,0.00005065,1,0.8390
35,"(0,0,0,2,3,15)",1875.705006,0.00005065,1,0.8390
36,"(0,0,1,-4,3,15)",1875.705006,0.00005065,1,0.8390
37,"(0,0,1,-3,3,15)",1875.705006,0.00005065,1,0.8390
38,"(0,0,1,-2,3,15)",1875.705006,0.00005065,1,0.8390
39,"(0,0,1,-1,3,15)",1875.705006,0.00005065,1,0.8390
40,"(0,0,1,0,3,15)",1875.705006,0.00005065,1,0.8390
41,"(0,0,1,1,3,15)",1875.705006,0.00005065,1,0.8390
42,"(0,0,1,2,3,15)",1875.705006,0.00005065,1,0.8390
43,"(0,0,2,-4,3,15)",1875.705006,0.00005065,1,0.8390
44,"(0,0,2,-3,3,15)",1875.705006,0.00005065,1,0.8390
45,"(0,0,2,-2,3,15)",1875.705006,0.00005065,1,0.8390
46,"(0,0,2,-1,3,15)",1875.705006,0.00005065,1,0.8390
47,"(0,0,2,0,3,15)",1875.705006,0.00005065,1,0.8390
48,"(0,0,2,1,3,15)",1875.705006,0.00005065,1,0.8390
49,"(0,0,2,2,3,15)",1875.705006,0.00005065,1,0.8390
50,"(1,2,-4,-4,3,15)",1875.705076,0.00005069,0,0.8389
51,"(1,2,-4,-3,3,15)",1875.705076,0.00005069,0,0.8389
52,"(1,2,-4,-2,3,15)",1875.705076,0.00005069,0,0.8389
53,"(1,2,-4,-1,3,15)",1875.705076,0.00005069,0,0.8389
54,"(1,2,-4,0,3,15)",1875.705076,0.00005069,0,0.8389
55,"(1,2,-4,1,3,15)",1875.705076,0.00005069,0,0.8389
56,"(1,2,-4,2,3,15)",1875.705076,0.00005069,0,0.8389
57,"(1,2,-3,-4,3,15)",1875.705076,0.00005069,0,0.8389
58,"(1,2,-3,-3,3,15)",1875.705076,0.00005069,0,0.8389
59,"(1,2,-3,-2,3,15)",1875.705076,0.00005069,0,0.8389
60,"(1,2,-3,-1,3,15)",1875.705076,0.00005069,0,0.8389
61,"(1,2,-3,0,3,15)",1875.705076,0.00005069,0,0.8389
62,"(1,2,-3,1,3,15)",1875.705076,0.00005069,0,0.8389
63,"(1,2,-3,2,3,15)",1875.705076,0.00005069,0,0.8389
64,"(1,2,-2,-4,3,15)",1875.705076,0.00005069,0,0.8389
65,"(1,2,-2,-3,3,15)",1875.705076,0.00005069,0,0.8389
66,"(1,2,-2,-2,3,15)",1875.705076,0.00005069,0,0.8389
67,"(1,2,-2,-1,3,15)",1875.705076,0.00005069,0,0.8389
68,"(1,2,-2,0,3,15)",1875.705076,0.00005069,0,0.8389
69,"(1,2,-2,1,3,15)",1875.705076,0.00005069,0,0.8389
70,"(1,2,-2,2,3,15)",1875.705076,0.00005069,0,0.8389
71,"(1,2,-1,-4,3,15)",1875.705076,0.00005069,0,0.8389
72,"(1,2,-1,-3,3,15)",1875.705076,0.00005069,0,0.8389
73,"(1,2,-1,-2,3,15)",1875.705076,0.00005069,0,0.8389
74,"(1,2,-1,-1,3,15)",1875.705076,0.00005069,0,0.8389
75,"(1,2,-1,0,3,15)",1875.705076,0.00005069,0,0.8389
76,"(1,2,-1,1,3,15)",1875.705076,0.00005069,0,0.8389
77,"(1,2,-1,2,3,15)",1875.705076,0.00005069,0,0.8389
78,"(1,2,0,-4,3,15)",1875.705076,0.00005069,0,0.8389
79,"(1,2,0,-3,3,15)",1875.705076,0.00005069,0,0.8389
80,"(1,2,0,-2,3,15)",1875.705076,0.00005069,0,0.8389
81,"(1,2,0,-1,3,15)",1875.705076,0.00005069,0,0.8389
82,"(1,2,0,0,3,15)",1875.705076,0.00005069,0,0.8389
83,"(1,2,0,1,3,15)",1875.705076,0.00005069,0,0.8389
84,"(1,2,0,2,3,15)",1875.705076,0.00005069,0,0.8389
85,"(1,2,1,-4,3,15)",1875.705076,0.00005069,0,0.8389
86,"(1,2,1,-3,3,15)",1875.705076,0.00005069,0,0.8389
87,"(1,2,1,-2,3,15)",1875.705076,0.00005069,0,0.8389
88,"(1,2,1,-1,3,15)",1875.705076,0.00005069,0,0.8389
89,"(1,2,1,0,3,15)",1875.705076,0.00005069,0,0.8389
90,"(1,2,1,1,3,15)",1875.705076,0.00005069,0,0.8389
91,"(1,2,1,2,3,15)",1875.705076,0.00005069,0,0.8389
92,"(1,2,2,-4,3,15)",1875.705076,0.00005069,0,0.8389
93,"(1,2,2,-3,3,15)",1875.705076,0.00005069,0,0.8389
94,"(1,2,2,-2,3,15)",1875.705076,0.00005069,0,0.8389
95,"(1,2,2,-1,3,15)",1875.705076,0.00005069,0,0.8389
96,"(1,2,2,0,3,15)",1875.705076,0.00005069,0,0.8389
97,"(1,2,2,1,3,15)",1875.705076,0.00005069,0,0.8389
98,"(1,2,2,2,3,15)",1875.705076,0.00005069,0,0.8389
99,"(2,4,-4,-4,3,15)",1875.705285,0.00005080,0,0.8387
100,"(2,4,-4,-3,3,15)",1875.705285,0.00005080,0,0.8387
101,"(2,4,-4,-2,3,15)",1875.705285,0.00005080,0,0.8387
102,"(2,4,-4,-1,3,15)",1875.705285,0.00005080,0,0.8387
103,"(2,4,-4,0,3,15)",1875.705285,0.00005080,0,0.8387
104,"(2,4,-4,1,3,15)",1875.705285,0.00005080,0,0.8387
105,"(2,4,-4,2,3,15)",1875.705285,0.00005080,0,0.8387
106,"(2,4,-3,-4,3,15)",1875.705285,0.00005080,0,0.8387
107,"(2,4,-3,-3,3,15)",1875.705285,0.00005080,0,0.8387
108,"(2,4,-3,-2,3,15)",1875.705285,0.00005080,0,0.8387
109,"(2,4,-3,-1,3,15)",1875.705285,0.00005080,0,0.8387
110,"(2,4,-3,0,3,15)",1875.705285,0.00005080,0,0.8387
111,"(2,4,-3,1,3,15)",1875.705285,0.00005080,0,0.8387
112,"(2,4,-3,2,3,15)",1875.705285,0.00005080,0,0.8387
113,"(2,4,-2,-4,3,15)",1875.705285,0.00005080,0,0.8387
114,"(2,4,-2,-3,3,15)",1875.705285,0.00005080,0,0.8387
115,"(2,4,-2,-2,3,15)",1875.705285,0.00005080,0,0.8387
116,"(2,4,-2,-1,3,15)",1875.705285,0.00005080,0,0.8387
117,"(2,4,-2,0,3,15)",1875.705285,0.00005080,0,0.8387
118,"(2,4,-2,1,3,15)",1875.705285,0.00005080,0,0.8387
119,"(2,4,-2,2,3,15)",1875.705285,0.00005080,0,0.8387
120,"(2,4,-1,-4,3,15)",1875.705285,0.00005080,0,0.8387
121,"(2,4,-1,-3,3,15)",1875.705285,0.00005080,0,0.8387
122,"(2,4,-1,-2,3,15)",1875.705285,0.00005080,0,0.8387
123,"(2,4,-1,-1,3,15)",1875.705285,0.00005080,0,0.8387
124,"(2,4,-1,0,3,15)",1875.705285,0.00005080,0,0.8387
125,"(2,4,-1,1,3,15)",1875.705285,0.00005080,0,0.8387
126,"(2,4,-1,2,3,15)",1875.705285,0.00005080,0,0.8387
127,"(2,4,0,-4,3,15)",1875.705285,0.00005080,0,0.8387
128,"(2,4,0,-3,3,15)",1875.705285,0.00005080,0,0.8387
129,"(2,4,0,-2,3,15)",1875.705285,0.00005080,0,0.8387
130,"(2,4,0,-1,3,15)",1875.705285,0.00005080,0,0.8387
131,"(2,4,0,0,3,15)",1875.705285,0.00005080,0,0.8387
132,"(2,4,0,1,3,15)",1875.705285,0.00005080,0,0.8387
133,"(2,4,0,2,3,15)",1875.705285,0.00005080,0,0.8387
134,"(2,4,1,-4,3,15)",1875.705285,0.00005080,0,0.8387
135,"(2,4,1,-3,3,15)",1875.705285,0.00005080,0,0.8387
136,"(2,4,1,-2,3,15)",1875.705285,0.00005080,0,0.8387
137,"(2,4,1,-1,3,15)",1875.705285,0.00005080,0,0.8387
138,"(2,4,1,0,3,15)",1875.705285,0.00005080,0,0.8387
139,"(2,4,1,1,3,15)",1875.705285,0.00005080,0,0.8387
140,"(2,4,1,2,3,15)",1875.705285,0.00005080,0,0.8387
141,"(2,4,2,-4,3,15)",1875.705285,0.00005080,0,0.8387
142,"(2,4,2,-3,3,15)",1875.705285,0.00005080,0,0.8387
143,"(2,4,2,-2,3,15)",1875.705285,0.00005080,0,0.8387
144,"(2,4,2,-1,3,15)",1875.705285,0.00005080,0,0.8387
145,"(2,4,2,0,3,15)",1875.705285,0.00005080,0,0.8387
146,"(2,4,2,1,3,15)",1875.705285,0.00005080,0,0.8387
147,"(2,4,2,2,3,15)",1875.705285,0.00005080,0,0.8387
148,"(4,2,-4,-4,3,14)",1871.431337,-0.00222790,0,5.1127
149,"(4,2,-4,-3,3,14)",1871.431337,-0.00222790,0,5.1127
150,"(4,2,-4,-2,3,14)",1871.431337,-0.00222790,0,5.1127
151,"(4,2,-4,-1,3,14)",1871.431337,-0.00222790,0,5.1127
152,"(4,2,-4,0,3,14)",1871.431337,-0.00222790,0,5.1127
153,"(4,2,-4,1,3,14)",1871.431337,-0.00222790,0,5.1127
154,"(4,2,-4,2,3,14)",1871.431337,-0.00222790,0,5.1127
155,"(4,2,-3,-4,3,14)",1871.431337,-0.00222790,0,5.1127
156,"(4,2,-3,-3,3,14)",1871.431337,-0.00222790,0,5.1127
157,"(4,2,-3,-2,3,14)",1871.431337,-0.00222790,0,5.1127
158,"(4,2,-3,-1,3,14)",1871.431337,-0.00222790,0,5.1127
159,"(4,2,-3,0,3,14)",1871.431337,-0.00222790,0,5.1127
160,"(4,2,-3,1,3,14)",1871.431337,-0.00222790,0,5.1127
161,"(4,2,-3,2,3,14)",1871.431337,-0.00222790,0,5.1127
162,"(4,2,-2,-4,3,14)",1871.431337,-0.00222790,0,5.1127
163,"(4,2,-2,-3,3,14)",1871.431337,-0.00222790,0,5.1127
164,"(4,2,-2,-2,3,14)",1871.431337,-0.00222790,0,5.1127
165,"(4,2,-2,-1,3,14)",1871.431337,-0.00222790,0,5.1127
166,"(4,2,-2,0,3,14)",1871.431337,-0.00222790,0,5.1127
167,"(4,2,-2,1,3,14)",1871.431337,-0.00222790,0,5.1127
168,"(4,2,-2,2,3,14)",1871.431337,-0.00222790,0,5.1127
169,"(4,2,-1,-4,3,14)",1871.431337,-0.00222790,0,5.1127
170,"(4,2,-1,-3,3,14)",1871.431337,-0.00222790,0,5.1127
171,"(4,2,-1,-2,3,14)",1871.431337,-0.00222790,0,5.1127
172,"(4,2,-1,-1,3,14)",1871.431337,-0.00222790,0,5.1127
173,"(4,2,-1,0,3,14)",1871.431337,-0.00222790,0,5.1127
174,"(4,2,-1,1,3,14)",1871.431337,-0.00222790,0,5.1127
175,"(4,2,-1,2,3,14)",1871.431337,-0.00222790,0,5.1127
176,"(4,2,0,-4,3,14)",1871.431337,-0.00222790,0,5.1127
177,"(4,2,0,-3,3,14)",1871.431337,-0.00222790,0,5.1127
178,"(4,2,0,-2,3,14)",1871.431337,-0.00222790,0,5.1127
179,"(4,2,0,-1,3,14)",1871.431337,-0.00222790,0,5.1127
180,"(4,2,0,0,3,14)",1871.431337,-0.00222790,0,5.1127
181,"(4,2,0,1,3,14)",1871.431337,-0.00222790,0,5.1127
182,"(4,2,0,2,3,14)",1871.431337,-0.00222790,0,5.1127
183,"(4,2,1,-4,3,14)",1871.431337,-0.00222790,0,5.1127
184,"(4,2,1,-3,3,14)",1871.431337,-0.00222790,0,5.1127
185,"(4,2,1,-2,3,14)",1871.431337,-0.00222790,0,5.1127
186,"(4,2,1,-1,3,14)",1871.431337,-0.00222790,0,5.1127
187,"(4,2,1,0,3,14)",1871.431337,-0.00222790,0,5.1127
188,"(4,2,1,1,3,14)",1871.431337,-0.00222790,0,5.1127
189,"(4,2,1,2,3,14)",1871.431337,-0.00222790,0,5.1127
190,"(4,2,2,-4,3,14)",1871.431337,-0.00222790,0,5.1127
191,"(4,2,2,-3,3,14)",1871.431337,-0.00222790,0,5.1127
192,"(4,2,2,-2,3,14)",1871.431337,-0.00222790,0,5.1127
193,"(4,2,2,-1,3,14)",1871.431337,-0.00222790,0,5.1127
194,"(4,2,2,0,3,14)",1871.431337,-0.00222790,0,5.1127
195,"(4,2,2,1,3,14)",1871.431337,-0.00222790,0,5.1127
196,"(4,2,2,2,3,14)",1871.431337,-0.00222790,0,5.1127
197,"(3,0,-4,-4,3,14)",1871.284229,-0.00230633,0,5.2598
198,"(3,0,-4,-3,3,14)",1871.284229,-0.00230633,0,5.2598
199,"(3,0,-4,-2,3,14)",1871.284229,-0.00230633,0,5.2598
200,"(3,0,-4,-1,3,14)",1871.284229,-0.00230633,0,5.2598
201,"(3,0,-4,0,3,14)",1871.284229,-0.00230633,0,5.2598
202,"(3,0,-4,1,3,14)",1871.284229,-0.00230633,0,5.2598
203,"(3,0,-4,2,3,14)",1871.284229,-0.00230633,0,5.2598
204,"(3,0,-3,-4,3,14)",1871.284229,-0.00230633,0,5.2598
205,"(3,0,-3,-3,3,14)",1871.284229,-0.00230633,0,5.2598
206,"(3,0,-3,-2,3,14)",1871.284229,-0.00230633,0,5.2598
207,"(3,0,-3,-1,3,14)",1871.284229,-0.00230633,0,5.2598
208,"(3,0,-3,0,3,14)",1871.284229,-0.00230633,0,5.2598
209,"(3,0,-3,1,3,14)",1871.284229,-0.00230633,0,5.2598
210,"(3,0,-3,2,3,14)",1871.284229,-0.00230633,0,5.2598
211,"(3,0,-2,-4,3,14)",1871.284229,-0.00230633,0,5.2598
212,"(3,0,-2,-3,3,14)",1871.284229,-0.00230633,0,5.2598
213,"(3,0,-2,-2,3,14)",1871.284229,-0.00230633,0,5.2598
214,"(3,0,-2,-1,3,14)",1871.284229,-0.00230633,0,5.2598
215,"(3,0,-2,0,3,14)",1871.284229,-0.00230633,0,5.2598
216,"(3,0,-2,1,3,14)",1871.284229,-0.00230633,0,5.2598
217,"(3,0,-2,2,3,14)",1871.284229,-0.00230633,0,5.2598
218,"(3,0,-1,-4,3,14)",1871.284229,-0.00230633,0,5.2598
219,"(3,0,-1,-3,3,14)",1871.284229,-0.00230633,0,5.2598
220,"(3,0,-1,-2,3,14)",1871.284229,-0.00230633,0,5.2598
221,"(3,0,-1,-1,3,14)",1871.284229,-0.00230633,0,5.2598
222,"(3,0,-1,0,3,14)",1871.284229,-0.00230633,0,5.2598
223,"(3,0,-1,1,3,14)",1871.284229,-0.00230633,0,5.2598
224,"(3,0,-1,2,3,14)",1871.284229,-0.00230633,0,5.2598
225,"(3,0,0,-4,3,14)",1871.284229,-0.00230633,0,5.2598
226,"(3,0,0,-3,3,14)",1871.284229,-0.00230633,0,5.2598
227,"(3,0,0,-2,3,14)",1871.284229,-0.00230633,0,5.2598
228,"(3,0,0,-1,3,14)",1871.284229,-0.00230633,0,5.2598
229,"(3,0,0,0,3,14)",1871.284229,-0.00230633,0,5.2598
230,"(3,0,0,1,3,14)",1871.284229,-0.00230633,0,5.2598
231,"(3,0,0,2,3,14)",1871.284229,-0.00230633,0,5.2598
232,"(3,0,1,-4,3,14)",1871.284229,-0.00230633,0,5.2598
233,"(3,0,1,-3,3,14)",1871.284229,-0.00230633,0,5.2598
234,"(3,0,1,-2,3,14)",1871.284229,-0.00230633,0,5.2598
235,"(3,0,1,-1,3,14)",1871.284229,-0.00230633,0,5.2598
236,"(3,0,1,0,3,14)",1871.284229,-0.00230633,0,5.2598
237,"(3,0,1,1,3,14)",1871.284229,-0.00230633,0,5.2598
238,"(3,0,1,2,3,14)",1871.284229,-0.00230633,0,5.2598
239,"(3,0,2,-4,3,14)",1871.284229,-0.00230633,0,5.2598
240,"(3,0,2,-3,3,14)",1871.284229,-0.00230633,0,5.2598
241,"(3,0,2,-2,3,14)",1871.284229,-0.00230633,0,5.2598
242,"(3,0,2,-1,3,14)",1871.284229,-0.00230633,0,5.2598
243,"(3,0,2,0,3,14)",1871.284229,-0.00230633,0,5.2598
244,"(3,0,2,1,3,14)",1871.284229,-0.00230633,0,5.2598
245,"(3,0,2,2,3,14)",1871.284229,-0.00230633,0,5.2598
246,"(-2,2,-4,-4,3,14)",1871.137250,-0.00238469,1,5.4067
247,"(-2,2,-4,-3,3,14)",1871.137250,-0.00238469,1,5.4067
248,"(-2,2,-4,-2,3,14)",1871.137250,-0.00238469,1,5.4067
249,"(-2,2,-4,-1,3,14)",1871.137250,-0.00238469,1,5.4067
250,"(-2,2,-4,0,3,14)",1871.137250,-0.00238469,1,5.4067
251,"(-2,2,-4,1,3,14)",1871.137250,-0.00238469,1,5.4067
252,"(-2,2,-4,2,3,14)",1871.137250,-0.00238469,1,5.4067
253,"(-2,2,-3,-4,3,14)",1871.137250,-0.00238469,1,5.4067
254,"(-2,2,-3,-3,3,14)",1871.137250,-0.00238469,1,5.4067
255,"(-2,2,-3,-2,3,14)",1871.137250,-0.00238469,1,5.4067
256,"(-2,2,-3,-1,3,14)",1871.137250,-0.00238469,1,5.4067
257,"(-2,2,-3,0,3,14)",1871.137250,-0.00238469,1,5.4067
258,"(-2,2,-3,1,3,14)",1871.137250,-0.00238469,1,5.4067
259,"(-2,2,-3,2,3,14)",1871.137250,-0.00238469,1,5.4067
260,"(-2,2,-2,-4,3,14)",1871.137250,-0.00238469,1,5.4067
261,"(-2,2,-2,-3,3,14)",1871.137250,-0.00238469,1,5.4067
262,"(-2,2,-2,-2,3,14)",1871.137250,-0.00238469,1,5.4067
263,"(-2,2,-2,-1,3,14)",1871.137250,-0.00238469,1,5.4067
264,"(-2,2,-2,0,3,14)",1871.137250,-0.00238469,1,5.4067
265,"(-2,2,-2,1,3,14)",1871.137250,-0.00238469,1,5.4067
266,"(-2,2,-2,2,3,14)",1871.137250,-0.00238469,1,5.4067
267,"(-2,2,-1,-4,3,14)",1871.137250,-0.00238469,1,5.4067
268,"(-2,2,-1,-3,3,14)",1871.137250,-0.00238469,1,5.4067
269,"(-2,2,-1,-2,3,14)",1871.137250,-0.00238469,1,5.4067
270,"(-2,2,-1,-1,3,14)",1871.137250,-0.00238469,1,5.4067
271,"(-2,2,-1,0,3,14)",1871.137250,-0.00238469,1,5.4067
272,"(-2,2,-1,1,3,14)",1871.137250,-0.00238469,1,5.4067
273,"(-2,2,-1,2,3,14)",1871.137250,-0.00238469,1,5.4067
274,"(-2,2,0,-4,3,14)",1871.137250,-0.00238469,1,5.4067
275,"(-2,2,0,-3,3,14)",1871.137250,-0.00238469,1,5.4067
276,"(-2,2,0,-2,3,14)",1871.137250,-0.00238469,1,5.4067
277,"(-2,2,0,-1,3,14)",1871.137250,-0.00238469,1,5.4067
278,"(-2,2,0,0,3,14)",1871.137250,-0.00238469,1,5.4067
279,"(-2,2,0,1,3,14)",1871.137250,-0.00238469,1,5.4067
280,"(-2,2,0,2,3,14)",1871.137250,-0.00238469,1,5.4067
281,"(-2,2,1,-4,3,14)",1871.137250,-0.00238469,1,5.4067
282,"(-2,2,1,-3,3,14)",1871.137250,-0.00238469,1,5.4067
283,"(-2,2,1,-2,3,14)",1871.137250,-0.00238469,1,5.4067
284,"(-2,2,1,-1,3,14)",1871.137250,-0.00238469,1,5.4067
285,"(-2,2,1,0,3,14)",1871.137250,-0.00238469,1,5.4067
286,"(-2,2,1,1,3,14)",1871.137250,-0.00238469,1,5.4067
287,"(-2,2,1,2,3,14)",1871.137250,-0.00238469,1,5.4067
288,"(-2,2,2,-4,3,14)",1871.137250,-0.00238469,1,5.4067
289,"(-2,2,2,-3,3,14)",1871.137250,-0.00238469,1,5.4067
290,"(-2,2,2,-2,3,14)",1871.137250,-0.00238469,1,5.4067
291,"(-2,2,2,-1,3,14)",1871.137250,-0.00238469,1,5.4067
292,"(-2,2,2,0,3,14)",1871.137250,-0.00238469,1,5.4067
293,"(-2,2,2,1,3,14)",1871.137250,-0.00238469,1,5.4067
294,"(-2,2,2,2,3,14)",1871.137250,-0.00238469,1,5.4067
295,"(-1,4,-4,-4,3,14)",1870.990399,-0.00246299,1,5.5536
296,"(-1,4,-4,-3,3,14)",1870.990399,-0.00246299,1,5.5536
297,"(-1,4,-4,-2,3,14)",1870.990399,-0.00246299,1,5.5536
298,"(-1,4,-4,-1,3,14)",1870.990399,-0.00246299,1,5.5536
299,"(-1,4,-4,0,3,14)",1870.990399,-0.00246299,1,5.5536
300,"(-1,4,-4,1,3,14)",1870.990399,-0.00246299,1,5.5536
301,"(-1,4,-4,2,3,14)",1870.990399,-0.00246299,1,5.5536
302,"(-1,4,-3,-4,3,14)",1870.990399,-0.00246299,1,5.5536
303,"(-1,4,-3,-3,3,14)",1870.990399,-0.00246299,1,5.5536
304,"(-1,4,-3,-2,3,14)",1870.990399,-0.00246299,1,5.5536
305,"(-1,4,-3,-1,3,14)",1870.990399,-0.00246299,1,5.5536
306,"(-1,4,-3,0,3,14)",1870.990399,-0.00246299,1,5.5536
307,"(-1,4,-3,1,3,14)",1870.990399,-0.00246299,1,5.5536
308,"(-1,4,-3,2,3,14)",1870.990399,-0.00246299,1,5.5536
309,"(-1,4,-2,-4,3,14)",1870.990399,-0.00246299,1,5.5536
310,"(-1,4,-2,-3,3,14)",1870.990399,-0.00246299,1,5.5536
311,"(-1,4,-2,-2,3,14)",1870.990399,-0.00246299,1,5.5536
312,"(-1,4,-2,-1,3,14)",1870.990399,-0.00246299,1,5.5536
313,"(-1,4,-2,0,3,14)",1870.990399,-0.00246299,1,5.5536
314,"(-1,4,-2,1,3,14)",1870.990399,-0.00246299,1,5.5536
315,"(-1,4,-2,2,3,14)",1870.990399,-0.00246299,1,5.5536
316,"(-1,4,-1,-4,3,14)",1870.990399,-0.00246299,1,5.5536
317,"(-1,4,-1,-3,3,14)",1870.990399,-0.00246299,1,5.5536
318,"(-1,4,-1,-2,3,14)",1870.990399,-0.00246299,1,5.5536
319,"(-1,4,-1,-1,3,14)",1870.990399,-0.00246299,1,5.5536
320,"(-1,4,-1,0,3,14)",1870.990399,-0.00246299,1,5.5536
321,"(-1,4,-1,1,3,14)",1870.990399,-0.00246299,1,5.5536
322,"(-1,4,-1,2,3,14)",1870.990399,-0.00246299,1,5.5536
323,"(-1,4,0,-4,3,14)",1870.990399,-0.00246299,1,5.5536
324,"(-1,4,0,-3,3,14)",1870.990399,-0.00246299,1,5.5536
325,"(-1,4,0,-2,3,14)",1870.990399,-0.00246299,1,5.5536
326,"(-1,4,0,-1,3,14)",1870.990399,-0.00246299,1,5.5536
327,"(-1,4,0,0,3,14)",1870.990399,-0.00246299,1,5.5536
328,"(-1,4,0,1,3,14)",1870.990399,-0.00246299,1,5.5536
329,"(-1,4,0,2,3,14)",1870.990399,-0.00246299,1,5.5536
330,"(-1,4,1,-4,3,14)",1870.990399,-0.00246299,1,5.5536
331,"(-1,4,1,-3,3,14)",1870.990399,-0.00246299,1,5.5536
332,"(-1,4,1,-2,3,14)",1870.990399,-0.00246299,1,5.5536
333,"(-1,4,1,-1,3,14)",1870.990399,-0.00246299,1,5.5536
334,"(-1,4,1,0,3,14)",1870.990399,-0.00246299,1,5.5536
335,"(-1,4,1,1,3,14)",1870.990399,-0.00246299,1,5.5536
336,"(-1,4,1,2,3,14)",1870.990399,-0.00246299,1,5.5536
337,"(-1,4,2,-4,3,14)",1870.990399,-0.00246299,1,5.5536
338,"(-1,4,2,-3,3,14)",1870.990399,-0.00246299,1,5.5536
339,"(-1,4,2,-2,3,14)",1870.990399,-0.00246299,1,5.5536
340,"(-1,4,2,-1,3,14)",1870.990399,-0.00246299,1,5.5536
341,"(-1,4,2,0,3,14)",1870.990399,-0.00246299,1,5.5536
342,"(-1,4,2,1,3,14)",1870.990399,-0.00246299,1,5.5536
343,"(-1,4,2,2,3,14)",1870.990399,-0.00246299,1,5.5536
344,"(4,3,-4,-4,6,11)",1867.433200,-0.00435954,0,9.1108
345,"(4,3,-4,-3,6,11)",1867.433200,-0.00435954,0,9.1108
346,"(4,3,-4,-2,6,11)",1867.433200,-0.00435954,0,9.1108
347,"(4,3,-4,-1,6,11)",1867.433200,-0.00435954,0,9.1108
348,"(4,3,-4,0,6,11)",1867.433200,-0.00435954,0,9.1108
349,"(4,3,-4,1,6,11)",1867.433200,-0.00435954,0,9.1108
350,"(4,3,-4,2,6,11)",1867.433200,-0.00435954,0,9.1108
351,"(4,3,-3,-4,6,11)",1867.433200,-0.00435954,0,9.1108
352,"(4,3,-3,-3,6,11)",1867.433200,-0.00435954,0,9.1108
353,"(4,3,-3,-2,6,11)",1867.433200,-0.00435954,0,9.1108
354,"(4,3,-3,-1,6,11)",1867.433200,-0.00435954,0,9.1108
355,"(4,3,-3,0,6,11)",1867.433200,-0.00435954,0,9.1108
356,"(4,3,-3,1,6,11)",1867.433200,-0.00435954,0,9.1108
357,"(4,3,-3,2,6,11)",1867.433200,-0.00435954,0,9.1108
358,"(4,3,-2,-4,6,11)",1867.433200,-0.00435954,0,9.1108
359,"(4,3,-2,-3,6,11)",1867.433200,-0.00435954,0,9.1108
360,"(4,3,-2,-2,6,11)",1867.433200,-0.00435954,0,9.1108
361,"(4,3,-2,-1,6,11)",1867.433200,-0.00435954,0,9.1108
362,"(4,3,-2,0,6,11)",1867.433200,-0.00435954,0,9.1108
363,"(4,3,-2,1,6,11)",1867.433200,-0.00435954,0,9.1108
364,"(4,3,-2,2,6,11)",1867.433200,-0.00435954,0,9.1108
365,"(4,3,-1,-4,6,11)",1867.433200,-0.00435954,0,9.1108
366,"(4,3,-1,-3,6,11)",1867.433200,-0.00435954,0,9.1108
367,"(4,3,-1,-2,6,11)",1867.433200,-0.00435954,0,9.1108
368,"(4,3,-1,-1,6,11)",1867.433200,-0.00435954,0,9.1108
369,"(4,3,-1,0,6,11)",1867.433200,-0.00435954,0,9.1108
370,"(4,3,-1,1,6,11)",1867.433200,-0.00435954,0,9.1108
371,"(4,3,-1,2,6,11)",1867.433200,-0.00435954,0,9.1108
372,"(4,3,0,-4,6,11)",1867.433200,-0.00435954,0,9.1108
373,"(4,3,0,-3,6,11)",1867.433200,-0.00435954,0,9.1108
374,"(4,3,0,-2,6,11)",1867.433200,-0.00435954,0,9.1108
375,"(4,3,0,-1,6,11)",1867.433200,-0.00435954,0,9.1108
376,"(4,3,0,0,6,11)",1867.433200,-0.00435954,0,9.1108
377,"(4,3,0,1,6,11)",1867.433200,-0.00435954,0,9.1108
378,"(4,3,0,2,6,11)",1867.433200,-0.00435954,0,9.1108
379,"(4,3,1,-4,6,11)",1867.433200,-0.00435954,0,9.1108
380,"(4,3,1,-3,6,11)",1867.433200,-0.00435954,0,9.1108
381,"(4,3,1,-2,6,11)",1867.433200,-0.00435954,0,9.1108
382,"(4,3,1,-1,6,11)",1867.433200,-0.00435954,0,9.1108
383,"(4,3,1,0,6,11)",1867.433200,-0.00435954,0,9.1108
384,"(4,3,1,1,6,11)",1867.433200,-0.00435954,0,9.1108
385,"(4,3,1,2,6,11)",1867.433200,-0.00435954,0,9.1108
386,"(4,3,2,-4,6,11)",1867.433200,-0.00435954,0,9.1108
387,"(4,3,2,-3,6,11)",1867.433200,-0.00435954,0,9.1108
388,"(4,3,2,-2,6,11)",1867.433200,-0.00435954,0,9.1108
389,"(4,3,2,-1,6,11)",1867.433200,-0.00435954,0,9.1108
390,"(4,3,2,0,6,11)",1867.433200,-0.00435954,0,9.1108
391,"(4,3,2,1,6,11)",1867.433200,-0.00435954,0,9.1108
392,"(4,3,2,2,6,11)",1867.433200,-0.00435954,0,9.1108
393,"(3,1,-4,-4,6,11)",1867.310267,-0.00442508,0,9.2337
394,"(3,1,-4,-3,6,11)",1867.310267,-0.00442508,0,9.2337
395,"(3,1,-4,-2,6,11)",1867.310267,-0.00442508,0,9.2337
396,"(3,1,-4,-1,6,11)",1867.310267,-0.00442508,0,9.2337
397,"(3,1,-4,0,6,11)",1867.310267,-0.00442508,0,9.2337
398,"(3,1,-4,1,6,11)",1867.310267,-0.00442508,0,9.2337
399,"(3,1,-4,2,6,11)",1867.310267,-0.00442508,0,9.2337
400,"(3,1,-3,-4,6,11)",1867.310267,-0.00442508,0,9.2337
401,"(3,1,-3,-3,6,11)",1867.310267,-0.00442508,0,9.2337
402,"(3,1,-3,-2,6,11)",1867.310267,-0.00442508,0,9.2337
403,"(3,1,-3,-1,6,11)",1867.310267,-0.00442508,0,9.2337
404,"(3,1,-3,0,6,11)",1867.310267,-0.00442508,0,9.2337
405,"(3,1,-3,1,6,11)",1867.310267,-0.00442508,0,9.2337
406,"(3,1,-3,2,6,11)",1867.310267,-0.00442508,0,9.2337
407,"(3,1,-2,-4,6,11)",1867.310267,-0.00442508,0,9.2337
408,"(3,1,-2,-3,6,11)",1867.310267,-0.00442508,0,9.2337
409,"(3,1,-2,-2,6,11)",1867.310267,-0.00442508,0,9.2337
410,"(3,1,-2,-1,6,11)",1867.310267,-0.00442508,0,9.2337
411,"(3,1,-2,0,6,11)",1867.310267,-0.00442508,0,9.2337
412,"(3,1,-2,1,6,11)",1867.310267,-0.00442508,0,9.2337
413,"(3,1,-2,2,6,11)",1867.310267,-0.00442508,0,9.2337
414,"(3,1,-1,-4,6,11)",1867.310267,-0.00442508,0,9.2337
415,"(3,1,-1,-3,6,11)",1867.310267,-0.00442508,0,9.2337
416,"(3,1,-1,-2,6,11)",1867.310267,-0.00442508,0,9.2337
417,"(3,1,-1,-1,6,11)",1867.310267,-0.00442508,0,9.2337
418,"(3,1,-1,0,6,11)",1867.310267,-0.00442508,0,9.2337
419,"(3,1,-1,1,6,11)",1867.310267,-0.00442508,0,9.2337
420,"(3,1,-1,2,6,11)",1867.310267,-0.00442508,0,9.2337
421,"(3,1,0,-4,6,11)",1867.310267,-0.00442508,0,9.2337
422,"(3,1,0,-3,6,11)",1867.310267,-0.00442508,0,9.2337
423,"(3,1,0,-2,6,11)",1867.310267,-0.00442508,0,9.2337
424,"(3,1,0,-1,6,11)",1867.310267,-0.00442508,0,9.2337
425,"(3,1,0,0,6,11)",1867.310267,-0.00442508,0,9.2337
426,"(3,1,0,1,6,11)",1867.310267,-0.00442508,0,9.2337
427,"(3,1,0,2,6,11)",1867.310267,-0.00442508,0,9.2337
428,"(3,1,1,-4,6,11)",1867.310267,-0.00442508,0,9.2337
429,"(3,1,1,-3,6,11)",1867.310267,-0.00442508,0,9.2337
430,"(3,1,1,-2,6,11)",1867.310267,-0.00442508,0,9.2337
431,"(3,1,1,-1,6,11)",1867.310267,-0.00442508,0,9.2337
432,"(3,1,1,0,6,11)",1867.310267,-0.00442508,0,9.2337
433,"(3,1,1,1,6,11)",1867.310267,-0.00442508,0,9.2337
434,"(3,1,1,2,6,11)",1867.310267,-0.00442508,0,9.2337
435,"(3,1,2,-4,6,11)",1867.310267,-0.00442508,0,9.2337
436,"(3,1,2,-3,6,11)",1867.310267,-0.00442508,0,9.2337
437,"(3,1,2,-2,6,11)",1867.310267,-0.00442508,0,9.2337
438,"(3,1,2,-1,6,11)",1867.310267,-0.00442508,0,9.2337
439,"(3,1,2,0,6,11)",1867.310267,-0.00442508,0,9.2337
440,"(3,1,2,1,6,11)",1867.310267,-0.00442508,0,9.2337
441,"(3,1,2,2,6,11)",1867.310267,-0.00442508,0,9.2337
442,"(-2,1,-4,-4,6,11)",1867.187467,-0.00449056,0,9.3565
443,"(-2,1,-4,-3,6,11)",1867.187467,-0.00449056,0,9.3565
444,"(-2,1,-4,-2,6,11)",1867.187467,-0.00449056,0,9.3565
445,"(-2,1,-4,-1,6,11)",1867.187467,-0.00449056,0,9.3565
446,"(-2,1,-4,0,6,11)",1867.187467,-0.00449056,0,9.3565
447,"(-2,1,-4,1,6,11)",1867.187467,-0.00449056,0,9.3565
448,"(-2,1,-4,2,6,11)",1867.187467,-0.00449056,0,9.3565
449,"(-2,1,-3,-4,6,11)",1867.187467,-0.00449056,0,9.3565
450,"(-2,1,-3,-3,6,11)",1867.187467,-0.00449056,0,9.3565
451,"(-2,1,-3,-2,6,11)",1867.187467,-0.00449056,0,9.3565
452,"(-2,1,-3,-1,6,11)",1867.187467,-0.00449056,0,9.3565
453,"(-2,1,-3,0,6,11)",1867.187467,-0.00449056,0,9.3565
454,"(-2,1,-3,1,6,11)",1867.187467,-0.00449056,0,9.3565
455,"(-2,1,-3,2,6,11)",1867.187467,-0.00449056,0,9.3565
456,"(-2,1,-2,-4,6,11)",1867.187467,-0.00449056,0,9.3565
457,"(-2,1,-2,-3,6,11)",1867.187467,-0.00449056,0,9.3565
458,"(-2,1,-2,-2,6,11)",1867.187467,-0.00449056,0,9.3565
459,"(-2,1,-2,-1,6,11)",1867.187467,-0.00449056,0,9.3565
460,"(-2,1,-2,0,6,11)",1867.187467,-0.00449056,0,9.3565
461,"(-2,1,-2,1,6,11)",1867.187467,-0.00449056,0,9.3565
462,"(-2,1,-2,2,6,11)",1867.187467,-0.00449056,0,9.3565
463,"(-2,1,-1,-4,6,11)",1867.187467,-0.00449056,0,9.3565
464,"(-2,1,-1,-3,6,11)",1867.187467,-0.00449056,0,9.3565
465,"(-2,1,-1,-2,6,11)",1867.187467,-0.00449056,0,9.3565
466,"(-2,1,-1,-1,6,11)",1867.187467,-0.00449056,0,9.3565
467,"(-2,1,-1,0,6,11)",1867.187467,-0.00449056,0,9.3565
468,"(-2,1,-1,1,6,11)",1867.187467,-0.00449056,0,9.3565
469,"(-2,1,-1,2,6,11)",1867.187467,-0.00449056,0,9.3565
470,"(-2,1,0,-4,6,11)",1867.187467,-0.00449056,0,9.3565
471,"(-2,1,0,-3,6,11)",1867.187467,-0.00449056,0,9.3565
472,"(-2,1,0,-2,6,11)",1867.187467,-0.00449056,0,9.3565
473,"(-2,1,0,-1,6,11)",1867.187467,-0.00449056,0,9.3565
474,"(-2,1,0,0,6,11)",1867.187467,-0.00449056,0,9.3565
475,"(-2,1,0,1,6,11)",1867.187467,-0.00449056,0,9.3565
476,"(-2,1,0,2,6,11)",1867.187467,-0.00449056,0,9.3565
477,"(-2,1,1,-4,6,11)",1867.187467,-0.00449056,0,9.3565
478,"(-2,1,1,-3,6,11)",1867.187467,-0.00449056,0,9.3565
479,"(-2,1,1,-2,6,11)",1867.187467,-0.00449056,0,9.3565
480,"(-2,1,1,-1,6,11)",1867.187467,-0.00449056,0,9.3565
481,"(-2,1,1,0,6,11)",1867.187467,-0.00449056,0,9.3565
482,"(-2,1,1,1,6,11)",1867.187467,-0.00449056,0,9.3565
483,"(-2,1,1,2,6,11)",1867.187467,-0.00449056,0,9.3565
484,"(-2,1,2,-4,6,11)",1867.187467,-0.00449056,0,9.3565
485,"(-2,1,2,-3,6,11)",1867.187467,-0.00449056,0,9.3565
486,"(-2,1,2,-2,6,11)",1867.187467,-0.00449056,0,9.3565
487,"(-2,1,2,-1,6,11)",1867.187467,-0.00449056,0,9.3565
488,"(-2,1,2,0,6,11)",1867.187467,-0.00449056,0,9.3565
489,"(-2,1,2,1,6,11)",1867.187467,-0.00449056,0,9.3565
490,"(-2,1,2,2,6,11)",1867.187467,-0.00449056,0,9.3565
491,"(2,-1,-4,-4,6,11)",1867.187467,-0.00449056,0,9.3565
492,"(2,-1,-4,-3,6,11)",1867.187467,-0.00449056,0,9.3565
493,"(2,-1,-4,-2,6,11)",1867.187467,-0.00449056,0,9.3565
494,"(2,-1,-4,-1,6,11)",1867.187467,-0.00449056,0,9.3565
495,"(2,-1,-4,0,6,11)",1867.187467,-0.00449056,0,9.3565
496,"(2,-1,-4,1,6,11)",1867.187467,-0.00449056,0,9.3565
497,"(2,-1,-4,2,6,11)",1867.187467,-0.00449056,0,9.3565
498,"(2,-1,-3,-4,6,11)",1867.187467,-0.00449056,0,9.3565
499,"(2,-1,-3,-3,6,11)",1867.187467,-0.00449056,0,9.3565
500,"(2,-1,-3,-2,6,11)",1867.187467,-0.00449056,0,9.3565
501,"(2,-1,-3,-1,6,11)",1867.187467,-0.00449056,0,9.3565
502,"(2,-1,-3,0,6,11)",1867.187467,-0.00449056,0,9.3565
503,"(2,-1,-3,1,6,11)",1867.187467,-0.00449056,0,9.3565
504,"(2,-1,-3,2,6,11)",1867.187467,-0.00449056,0,9.3565
505,"(2,-1,-2,-4,6,11)",1867.187467,-0.00449056,0,9.3565
506,"(2,-1,-2,-3,6,11)",1867.187467,-0.00449056,0,9.3565
507,"(2,-1,-2,-2,6,11)",1867.187467,-0.00449056,0,9.3565
508,"(2,-1,-2,-1,6,11)",1867.187467,-0.00449056,0,9.3565
509,"(2,-1,-2,0,6,11)",1867.187467,-0.00449056,0,9.3565
510,"(2,-1,-2,1,6,11)",1867.187467,-0.00449056,0,9.3565
511,"(2,-1,-2,2,6,11)",1867.187467,-0.00449056,0,9.3565
512,"(2,-1,-1,-4,6,11)",1867.187467,-0.00449056,0,9.3565
513,"(2,-1,-1,-3,6,11)",1867.187467,-0.00449056,0,9.3565
514,"(2,-1,-1,-2,6,11)",1867.187467,-0.00449056,0,9.3565
515,"(2,-1,-1,-1,6,11)",1867.187467,-0.00449056,0,9.3565
516,"(2,-1,-1,0,6,11)",1867.187467,-0.00449056,0,9.3565
517,"(2,-1,-1,1,6,11)",1867.187467,-0.00449056,0,9.3565
518,"(2,-1,-1,2,6,11)",1867.187467,-0.00449056,0,9.3565
519,"(2,-1,0,-4,6,11)",1867.187467,-0.00449056,0,9.3565
520,"(2,-1,0,-3,6,11)",1867.187467,-0.00449056,0,9.3565
521,"(2,-1,0,-2,6,11)",1867.187467,-0.00449056,0,9.3565
522,"(2,-1,0,-1,6,11)",1867.187467,-0.00449056,0,9.3565
523,"(2,-1,0,0,6,11)",1867.187467,-0.00449056,0,9.3565
524,"(2,-1,0,1,6,11)",1867.187467,-0.00449056,0,9.3565
525,"(2,-1,0,2,6,11)",1867.187467,-0.00449056,0,9.3565
526,"(2,-1,1,-4,6,11)",1867.187467,-0.00449056,0,9.3565
527,"(2,-1,1,-3,6,11)",1867.187467,-0.00449056,0,9.3565
528,"(2,-1,1,-2,6,11)",1867.187467,-0.00449056,0,9.3565
529,"(2,-1,1,-1,6,11)",1867.187467,-0.00449056,0,9.3565
530,"(2,-1,1,0,6,11)",1867.187467,-0.00449056,0,9.3565
531,"(2,-1,1,1,6,11)",1867.187467,-0.00449056,0,9.3565
532,"(2,-1,1,2,6,11)",1867.187467,-0.00449056,0,9.3565
533,"(2,-1,2,-4,6,11)",1867.187467,-0.00449056,0,9.3565
534,"(2,-1,2,-3,6,11)",1867.187467,-0.00449056,0,9.3565
535,"(2,-1,2,-2,6,11)",1867.187467,-0.00449056,0,9.3565
536,"(2,-1,2,-1,6,11)",1867.187467,-0.00449056,0,9.3565
537,"(2,-1,2,0,6,11)",1867.187467,-0.00449056,0,9.3565
538,"(2,-1,2,1,6,11)",1867.187467,-0.00449056,0,9.3565
539,"(2,-1,2,2,6,11)",1867.187467,-0.00449056,0,9.3565
540,"(-1,3,-4,-4,6,11)",1867.064797,-0.00455596,1,9.4792
541,"(-1,3,-4,-3,6,11)",1867.064797,-0.00455596,1,9.4792
542,"(-1,3,-4,-2,6,11)",1867.064797,-0.00455596,1,9.4792
543,"(-1,3,-4,-1,6,11)",1867.064797,-0.00455596,1,9.4792
544,"(-1,3,-4,0,6,11)",1867.064797,-0.00455596,1,9.4792
545,"(-1,3,-4,1,6,11)",1867.064797,-0.00455596,1,9.4792
546,"(-1,3,-4,2,6,11)",1867.064797,-0.00455596,1,9.4792
547,"(-1,3,-3,-4,6,11)",1867.064797,-0.00455596,1,9.4792
548,"(-1,3,-3,-3,6,11)",1867.064797,-0.00455596,1,9.4792
549,"(-1,3,-3,-2,6,11)",1867.064797,-0.00455596,1,9.4792
550,"(-1,3,-3,-1,6,11)",1867.064797,-0.00455596,1,9.4792
551,"(-1,3,-3,0,6,11)",1867.064797,-0.00455596,1,9.4792
552,"(-1,3,-3,1,6,11)",1867.064797,-0.00455596,1,9.4792
553,"(-1,3,-3,2,6,11)",1867.064797,-0.00455596,1,9.4792
554,"(-1,3,-2,-4,6,11)",1867.064797,-0.00455596,1,9.4792
555,"(-1,3,-2,-3,6,11)",1867.064797,-0.00455596,1,9.4792
556,"(-1,3,-2,-2,6,11)",1867.064797,-0.00455596,1,9.4792
557,"(-1,3,-2,-1,6,11)",1867.064797,-0.00455596,1,9.4792
558,"(-1,3,-2,0,6,11)",1867.064797,-0.00455596,1,9.4792
559,"(-1,3,-2,1,6,11)",1867.064797,-0.00455596,1,9.4792
560,"(-1,3,-2,2,6,11)",1867.064797,-0.00455596,1,9.4792
561,"(-1,3,-1,-4,6,11)",1867.064797,-0.00455596,1,9.4792
562,"(-1,3,-1,-3,6,11)",1867.064797,-0.00455596,1,9.4792
563,"(-1,3,-1,-2,6,11)",1867.064797,-0.00455596,1,9.4792
564,"(-1,3,-1,-1,6,11)",1867.064797,-0.00455596,1,9.4792
565,"(-1,3,-1,0,6,11)",1867.064797,-0.00455596,1,9.4792
566,"(-1,3,-1,1,6,11)",1867.064797,-0.00455596,1,9.4792
567,"(-1,3,-1,2,6,11)",1867.064797,-0.00455596,1,9.4792
568,"(-1,3,0,-4,6,11)",1867.064797,-0.00455596,1,9.4792
569,"(-1,3,0,-3,6,11)",1867.064797,-0.00455596,1,9.4792
570,"(-1,3,0,-2,6,11)",1867.064797,-0.00455596,1,9.4792
571,"(-1,3,0,-1,6,11)",1867.064797,-0.00455596,1,9.4792
572,"(-1,3,0,0,6,11)",1867.064797,-0.00455596,1,9.4792
573,"(-1,3,0,1,6,11)",1867.064797,-0.00455596,1,9.4792
574,"(-1,3,0,2,6,11)",1867.064797,-0.00455596,1,9.4792
575,"(-1,3,1,-4,6,11)",1867.064797,-0.00455596,1,9.4792
576,"(-1,3,1,-3,6,11)",1867.064797,-0.00455596,1,9.4792
577,"(-1,3,1,-2,6,11)",1867.064797,-0.00455596,1,9.4792
578,"(-1,3,1,-1,6,11)",1867.064797,-0.00455596,1,9.4792
579,"(-1,3,1,0,6,11)",1867.064797,-0.00455596,1,9.4792
580,"(-1,3,1,1,6,11)",1867.064797,-0.00455596,1,9.4792
581,"(-1,3,1,2,6,11)",1867.064797,-0.00455596,1,9.4792
582,"(-1,3,2,-4,6,11)",1867.064797,-0.00455596,1,9.4792
583,"(-1,3,2,-3,6,11)",1867.064797,-0.00455596,1,9.4792
584,"(-1,3,2,-2,6,11)",1867.064797,-0.00455596,1,9.4792
585,"(-1,3,2,-1,6,11)",1867.064797,-0.00455596,1,9.4792
586,"(-1,3,2,0,6,11)",1867.064797,-0.00455596,1,9.4792
587,"(-1,3,2,1,6,11)",1867.064797,-0.00455596,1,9.4792
588,"(-1,3,2,2,6,11)",1867.064797,-0.00455596,1,9.4792
589,"(0,5,-4,-4,6,11)",1866.942260,-0.00462129,0,9.6017
590,"(0,5,-4,-3,6,11)",1866.942260,-0.00462129,0,9.6017
591,"(0,5,-4,-2,6,11)",1866.942260,-0.00462129,0,9.6017
592,"(0,5,-4,-1,6,11)",1866.942260,-0.00462129,0,9.6017
593,"(0,5,-4,0,6,11)",1866.942260,-0.00462129,0,9.6017
594,"(0,5,-4,1,6,11)",1866.942260,-0.00462129,0,9.6017
595,"(0,5,-4,2,6,11)",1866.942260,-0.00462129,0,9.6017
596,"(0,5,-3,-4,6,11)",1866.942260,-0.00462129,0,9.6017
597,"(0,5,-3,-3,6,11)",1866.942260,-0.00462129,0,9.6017
598,"(0,5,-3,-2,6,11)",1866.942260,-0.00462129,0,9.6017
599,"(0,5,-3,-1,6,11)",1866.942260,-0.00462129,0,9.6017
600,"(0,5,-3,0,6,11)",1866.942260,-0.00462129,0,9.6017
601,"(0,5,-3,1,6,11)",1866.942260,-0.00462129,0,9.6017
602,"(0,5,-3,2,6,11)",1866.942260,-0.00462129,0,9.6017
603,"(0,5,-2,-4,6,11)",1866.942260,-0.00462129,0,9.6017
604,"(0,5,-2,-3,6,11)",1866.942260,-0.00462129,0,9.6017
605,"(0,5,-2,-2,6,11)",1866.942260,-0.00462129,0,9.6017
606,"(0,5,-2,-1,6,11)",1866.942260,-0.00462129,0,9.6017
607,"(0,5,-2,0,6,11)",1866.942260,-0.00462129,0,9.6017
608,"(0,5,-2,1,6,11)",1866.942260,-0.00462129,0,9.6017
609,"(0,5,-2,2,6,11)",1866.942260,-0.00462129,0,9.6017
610,"(0,5,-1,-4,6,11)",1866.942260,-0.00462129,0,9.6017
611,"(0,5,-1,-3,6,11)",1866.942260,-0.00462129,0,9.6017
612,"(0,5,-1,-2,6,11)",1866.942260,-0.00462129,0,9.6017
613,"(0,5,-1,-1,6,11)",1866.942260,-0.00462129,0,9.6017
614,"(0,5,-1,0,6,11)",1866.942260,-0.00462129,0,9.6017
615,"(0,5,-1,1,6,11)",1866.942260,-0.00462129,0,9.6017
616,"(0,5,-1,2,6,11)",1866.942260,-0.00462129,0,9.6017
617,"(0,5,0,-4,6,11)",1866.942260,-0.00462129,0,9.6017
618,"(0,5,0,-3,6,11)",1866.942260,-0.00462129,0,9.6017
619,"(0,5,0,-2,6,11)",1866.942260,-0.00462129,0,9.6017
620,"(0,5,0,-1,6,11)",1866.942260,-0.00462129,0,9.6017
621,"(0,5,0,0,6,11)",1866.942260,-0.00462129,0,9.6017
622,"(0,5,0,1,6,11)",1866.942260,-0.00462129,0,9.6017
623,"(0,5,0,2,6,11)",1866.942260,-0.00462129,0,9.6017
624,"(0,5,1,-4,6,11)",1866.942260,-0.00462129,0,9.6017
625,"(0,5,1,-3,6,11)",1866.942260,-0.00462129,0,9.6017
626,"(0,5,1,-2,6,11)",1866.942260,-0.00462129,0,9.6017
627,"(0,5,1,-1,6,11)",1866.942260,-0.00462129,0,9.6017
628,"(0,5,1,0,6,11)",1866.942260,-0.00462129,0,9.6017
629,"(0,5,1,1,6,11)",1866.942260,-0.00462129,0,9.6017
630,"(0,5,1,2,6,11)",1866.942260,-0.00462129,0,9.6017
631,"(0,5,2,-4,6,11)",1866.942260,-0.00462129,0,9.6017
632,"(0,5,2,-3,6,11)",1866.942260,-0.00462129,0,9.6017
633,"(0,5,2,-2,6,11)",1866.942260,-0.00462129,0,9.6017
634,"(0,5,2,-1,6,11)",1866.942260,-0.00462129,0,9.6017
635,"(0,5,2,0,6,11)",1866.942260,-0.00462129,0,9.6017
636,"(0,5,2,1,6,11)",1866.942260,-0.00462129,0,9.6017
637,"(0,5,2,2,6,11)",1866.942260,-0.00462129,0,9.6017
638,"(4,1,-4,-4,6,10)",1862.921362,-0.00676507,0,13.6226
639,"(4,1,-4,-3,6,10)",1862.921362,-0.00676507,0,13.6226
640,"(4,1,-4,-2,6,10)",1862.921362,-0.00676507,0,13.6226
641,"(4,1,-4,-1,6,10)",1862.921362,-0.00676507,0,13.6226
642,"(4,1,-4,0,6,10)",1862.921362,-0.00676507,0,13.6226
643,"(4,1,-4,1,6,10)",1862.921362,-0.00676507,0,13.6226
644,"(4,1,-4,2,6,10)",1862.921362,-0.00676507,0,13.6226
645,"(4,1,-3,-4,6,10)",1862.921362,-0.00676507,0,13.6226
646,"(4,1,-3,-3,6,10)",1862.921362,-0.00676507,0,13.6226
647,"(4,1,-3,-2,6,10)",1862.921362,-0.00676507,0,13.6226
648,"(4,1,-3,-1,6,10)",1862.921362,-0.00676507,0,13.6226
649,"(4,1,-3,0,6,10)",1862.921362,-0.00676507,0,13.6226
650,"(4,1,-3,1,6,10)",1862.921362,-0.00676507,0,13.6226
651,"(4,1,-3,2,6,10)",1862.921362,-0.00676507,0,13.6226
652,"(4,1,-2,-4,6,10)",1862.921362,-0.00676507,0,13.6226
653,"(4,1,-2,-3,6,10)",1862.921362,-0.00676507,0,13.6226
654,"(4,1,-2,-2,6,10)",1862.921362,-0.00676507,0,13.6226
655,"(4,1,-2,-1,6,10)",1862.921362,-0.00676507,0,13.6226
656,"(4,1,-2,0,6,10)",1862.921362,-0.00676507,0,13.6226
657,"(4,1,-2,1,6,10)",1862.921362,-0.00676507,0,13.6226
658,"(4,1,-2,2,6,10)",1862.921362,-0.00676507,0,13.6226
659,"(4,1,-1,-4,6,10)",1862.921362,-0.00676507,0,13.6226
660,"(4,1,-1,-3,6,10)",1862.921362,-0.00676507,0,13.6226
661,"(4,1,-1,-2,6,10)",1862.921362,-0.00676507,0,13.6226
662,"(4,1,-1,-1,6,10)",1862.921362,-0.00676507,0,13.6226
663,"(4,1,-1,0,6,10)",1862.921362,-0.00676507,0,13.6226
664,"(4,1,-1,1,6,10)",1862.921362,-0.00676507,0,13.6226
665,"(4,1,-1,2,6,10)",1862.921362,-0.00676507,0,13.6226
666,"(4,1,0,-4,6,10)",1862.921362,-0.00676507,0,13.6226
667,"(4,1,0,-3,6,10)",1862.921362,-0.00676507,0,13.6226
668,"(4,1,0,-2,6,10)",1862.921362,-0.00676507,0,13.6226
669,"(4,1,0,-1,6,10)",1862.921362,-0.00676507,0,13.6226
670,"(4,1,0,0,6,10)",1862.921362,-0.00676507,0,13.6226
671,"(4,1,0,1,6,10)",1862.921362,-0.00676507,0,13.6226
672,"(4,1,0,2,6,10)",1862.921362,-0.00676507,0,13.6226
673,"(4,1,1,-4,6,10)",1862.921362,-0.00676507,0,13.6226
674,"(4,1,1,-3,6,10)",1862.921362,-0.00676507,0,13.6226
675,"(4,1,1,-2,6,10)",1862.921362,-0.00676507,0,13.6226
676,"(4,1,1,-1,6,10)",1862.921362,-0.00676507,0,13.6226
677,"(4,1,1,0,6,10)",1862.921362,-0.00676507,0,13.6226
678,"(4,1,1,1,6,10)",1862.921362,-0.00676507,0,13.6226
679,"(4,1,1,2,6,10)",1862.921362,-0.00676507,0,13.6226
680,"(4,1,2,-4,6,10)",1862.921362,-0.00676507,0,13.6226
681,"(4,1,2,-3,6,10)",1862.921362,-0.00676507,0,13.6226
682,"(4,1,2,-2,6,10)",1862.921362,-0.00676507,0,13.6226
683,"(4,1,2,-1,6,10)",1862.921362,-0.00676507,0,13.6226
684,"(4,1,2,0,6,10)",1862.921362,-0.00676507,0,13.6226
685,"(4,1,2,1,6,10)",1862.921362,-0.00676507,0,13.6226
686,"(4,1,2,2,6,10)",1862.921362,-0.00676507,0,13.6226
687,"(3,-1,-4,-4,6,10)",1862.749033,-0.00685695,0,13.7950
688,"(3,-1,-4,-3,6,10)",1862.749033,-0.00685695,0,13.7950
689,"(3,-1,-4,-2,6,10)",1862.749033,-0.00685695,0,13.7950
690,"(3,-1,-4,-1,6,10)",1862.749033,-0.00685695,0,13.7950
691,"(3,-1,-4,0,6,10)",1862.749033,-0.00685695,0,13.7950
692,"(3,-1,-4,1,6,10)",1862.749033,-0.00685695,0,13.7950
693,"(3,-1,-4,2,6,10)",1862.749033,-0.00685695,0,13.7950
694,"(3,-1,-3,-4,6,10)",1862.749033,-0.00685695,0,13.7950
695,"(3,-1,-3,-3,6,10)",1862.749033,-0.00685695,0,13.7950
696,"(3,-1,-3,-2,6,10)",1862.749033,-0.00685695,0,13.7950
697,"(3,-1,-3,-1,6,10)",1862.749033,-0.00685695,0,13.7950
698,"(3,-1,-3,0,6,10)",1862.749033,-0.00685695,0,13.7950
699,"(3,-1,-3,1,6,10)",1862.749033,-0.00685695,0,13.7950
700,"(3,-1,-3,2,6,10)",1862.749033,-0.00685695,0,13.7950
701,"(3,-1,-2,-4,6,10)",1862.749033,-0.00685695,0,13.7950
702,"(3,-1,-2,-3,6,10)",1862.749033,-0.00685695,0,13.7950
703,"(3,-1,-2,-2,6,10)",1862.749033,-0.00685695,0,13.7950
704,"(3,-1,-2,-1,6,10)",1862.749033,-0.00685695,0,13.7950
705,"(3,-1,-2,0,6,10)",1862.749033,-0.00685695,0,13.7950
706,"(3,-1,-2,1,6,10)",1862.749033,-0.00685695,0,13.7950
707,"(3,-1,-2,2,6,10)",1862.749033,-0.00685695,0,13.7950
708,"(3,-1,-1,-4,6,10)",1862.749033,-0.00685695,0,13.7950
709,"(3,-1,-1,-3,6,10)",1862.749033,-0.00685695,0,13.7950
710,"(3,-1,-1,-2,6,10)",1862.749033,-0.00685695,0,13.7950
711,"(3,-1,-1,-1,6,10)",1862.749033,-0.00685695,0,13.7950
712,"(3,-1,-1,0,6,10)",1862.749033,-0.00685695,0,13.7950
713,"(3,-1,-1,1,6,10)",1862.749033,-0.00685695,0,13.7950
714,"(3,-1,-1,2,6,10)",1862.749033,-0.00685695,0,13.7950
715,"(3,-1,0,-4,6,10)",1862.749033,-0.00685695,0,13.7950
716,"(3,-1,0,-3,6,10)",1862.749033,-0.00685695,0,13.7950
717,"(3,-1,0,-2,6,10)",1862.749033,-0.00685695,0,13.7950
718,"(3,-1,0,-1,6,10)",1862.749033,-0.00685695,0,13.7950
719,"(3,-1,0,0,6,10)",1862.749033,-0.00685695,0,13.7950
720,"(3,-1,0,1,6,10)",1862.749033,-0.00685695,0,13.7950
721,"(3,-1,0,2,6,10)",1862.749033,-0.00685695,0,13.7950
722,"(3,-1,1,-4,6,10)",1862.749033,-0.00685695,0,13.7950
723,"(3,-1,1,-3,6,10)",1862.749033,-0.00685695,0,13.7950
724,"(3,-1,1,-2,6,10)",1862.749033,-0.00685695,0,13.7950
725,"(3,-1,1,-1,6,10)",1862.749033,-0.00685695,0,13.7950
726,"(3,-1,1,0,6,10)",1862.749033,-0.00685695,0,13.7950
727,"(3,-1,1,1,6,10)",1862.749033,-0.00685695,0,13.7950
728,"(3,-1,1,2,6,10)",1862.749033,-0.00685695,0,13.7950
729,"(3,-1,2,-4,6,10)",1862.749033,-0.00685695,0,13.7950
730,"(3,-1,2,-3,6,10)",1862.749033,-0.00685695,0,13.7950
731,"(3,-1,2,-2,6,10)",1862.749033,-0.00685695,0,13.7950
732,"(3,-1,2,-1,6,10)",1862.749033,-0.00685695,0,13.7950
733,"(3,-1,2,0,6,10)",1862.749033,-0.00685695,0,13.7950
734,"(3,-1,2,1,6,10)",1862.749033,-0.00685695,0,13.7950
735,"(3,-1,2,2,6,10)",1862.749033,-0.00685695,0,13.7950
736,"(-2,3,-4,-4,6,10)",1862.576829,-0.00694876,0,13.9672
737,"(-2,3,-4,-3,6,10)",1862.576829,-0.00694876,0,13.9672
738,"(-2,3,-4,-2,6,10)",1862.576829,-0.00694876,0,13.9672
739,"(-2,3,-4,-1,6,10)",1862.576829,-0.00694876,0,13.9672
740,"(-2,3,-4,0,6,10)",1862.576829,-0.00694876,0,13.9672
741,"(-2,3,-4,1,6,10)",1862.576829,-0.00694876,0,13.9672
742,"(-2,3,-4,2,6,10)",1862.576829,-0.00694876,0,13.9672
743,"(-2,3,-3,-4,6,10)",1862.576829,-0.00694876,0,13.9672
744,"(-2,3,-3,-3,6,10)",1862.576829,-0.00694876,0,13.9672
745,"(-2,3,-3,-2,6,10)",1862.576829,-0.00694876,0,13.9672
746,"(-2,3,-3,-1,6,10)",1862.576829,-0.00694876,0,13.9672
747,"(-2,3,-3,0,6,10)",1862.576829,-0.00694876,0,13.9672
748,"(-2,3,-3,1,6,10)",1862.576829,-0.00694876,0,13.9672
749,"(-2,3,-3,2,6,10)",1862.576829,-0.00694876,0,13.9672
750,"(-2,3,-2,-4,6,10)",1862.576829,-0.00694876,0,13.9672
751,"(-2,3,-2,-3,6,10)",1862.576829,-0.00694876,0,13.9672
752,"(-2,3,-2,-2,6,10)",1862.576829,-0.00694876,0,13.9672
753,"(-2,3,-2,-1,6,10)",1862.576829,-0.00694876,0,13.9672
754,"(-2,3,-2,0,6,10)",1862.576829,-0.00694876,0,13.9672
755,"(-2,3,-2,1,6,10)",1862.576829,-0.00694876,0,13.9672
756,"(-2,3,-2,2,6,10)",1862.576829,-0.00694876,0,13.9672
757,"(-2,3,-1,-4,6,10)",1862.576829,-0.00694876,0,13.9672
758,"(-2,3,-1,-3,6,10)",1862.576829,-0.00694876,0,13.9672
759,"(-2,3,-1,-2,6,10)",1862.576829,-0.00694876,0,13.9672
760,"(-2,3,-1,-1,6,10)",1862.576829,-0.00694876,0,13.9672
761,"(-2,3,-1,0,6,10)",1862.576829,-0.00694876,0,13.9672
762,"(-2,3,-1,1,6,10)",1862.576829,-0.00694876,0,13.9672
763,"(-2,3,-1,2,6,10)",1862.576829,-0.00694876,0,13.9672
764,"(-2,3,0,-4,6,10)",1862.576829,-0.00694876,0,13.9672
765,"(-2,3,0,-3,6,10)",1862.576829,-0.00694876,0,13.9672
766,"(-2,3,0,-2,6,10)",1862.576829,-0.00694876,0,13.9672
767,"(-2,3,0,-1,6,10)",1862.576829,-0.00694876,0,13.9672
768,"(-2,3,0,0,6,10)",1862.576829,-0.00694876,0,13.9672
769,"(-2,3,0,1,6,10)",1862.576829,-0.00694876,0,13.9672
770,"(-2,3,0,2,6,10)",1862.576829,-0.00694876,0,13.9672
771,"(-2,3,1,-4,6,10)",1862.576829,-0.00694876,0,13.9672
772,"(-2,3,1,-3,6,10)",1862.576829,-0.00694876,0,13.9672
773,"(-2,3,1,-2,6,10)",1862.576829,-0.00694876,0,13.9672
774,"(-2,3,1,-1,6,10)",1862.576829,-0.00694876,0,13.9672
775,"(-2,3,1,0,6,10)",1862.576829,-0.00694876,0,13.9672
776,"(-2,3,1,1,6,10)",1862.576829,-0.00694876,0,13.9672
777,"(-2,3,1,2,6,10)",1862.576829,-0.00694876,0,13.9672
778,"(-2,3,2,-4,6,10)",1862.576829,-0.00694876,0,13.9672
779,"(-2,3,2,-3,6,10)",1862.576829,-0.00694876,0,13.9672
780,"(-2,3,2,-2,6,10)",1862.576829,-0.00694876,0,13.9672
781,"(-2,3,2,-1,6,10)",1862.576829,-0.00694876,0,13.9672
782,"(-2,3,2,0,6,10)",1862.576829,-0.00694876,0,13.9672
783,"(-2,3,2,1,6,10)",1862.576829,-0.00694876,0,13.9672
784,"(-2,3,2,2,6,10)",1862.576829,-0.00694876,0,13.9672
785,"(-1,5,-4,-4,6,10)",1862.404749,-0.00704051,1,14.1393
786,"(-1,5,-4,-3,6,10)",1862.404749,-0.00704051,1,14.1393
787,"(-1,5,-4,-2,6,10)",1862.404749,-0.00704051,1,14.1393
788,"(-1,5,-4,-1,6,10)",1862.404749,-0.00704051,1,14.1393
789,"(-1,5,-4,0,6,10)",1862.404749,-0.00704051,1,14.1393
790,"(-1,5,-4,1,6,10)",1862.404749,-0.00704051,1,14.1393
791,"(-1,5,-4,2,6,10)",1862.404749,-0.00704051,1,14.1393
792,"(-1,5,-3,-4,6,10)",1862.404749,-0.00704051,1,14.1393
793,"(-1,5,-3,-3,6,10)",1862.404749,-0.00704051,1,14.1393
794,"(-1,5,-3,-2,6,10)",1862.404749,-0.00704051,1,14.1393
795,"(-1,5,-3,-1,6,10)",1862.404749,-0.00704051,1,14.1393
796,"(-1,5,-3,0,6,10)",1862.404749,-0.00704051,1,14.1393
797,"(-1,5,-3,1,6,10)",1862.404749,-0.00704051,1,14.1393
798,"(-1,5,-3,2,6,10)",1862.404749,-0.00704051,1,14.1393
799,"(-1,5,-2,-4,6,10)",1862.404749,-0.00704051,1,14.1393
800,"(-1,5,-2,-3,6,10)",1862.404749,-0.00704051,1,14.1393
801,"(-1,5,-2,-2,6,10)",1862.404749,-0.00704051,1,14.1393
802,"(-1,5,-2,-1,6,10)",1862.404749,-0.00704051,1,14.1393
803,"(-1,5,-2,0,6,10)",1862.404749,-0.00704051,1,14.1393
804,"(-1,5,-2,1,6,10)",1862.404749,-0.00704051,1,14.1393
805,"(-1,5,-2,2,6,10)",1862.404749,-0.00704051,1,14.1393
806,"(-1,5,-1,-4,6,10)",1862.404749,-0.00704051,1,14.1393
807,"(-1,5,-1,-3,6,10)",1862.404749,-0.00704051,1,14.1393
808,"(-1,5,-1,-2,6,10)",1862.404749,-0.00704051,1,14.1393
809,"(-1,5,-1,-1,6,10)",1862.404749,-0.00704051,1,14.1393
810,"(-1,5,-1,0,6,10)",1862.404749,-0.00704051,1,14.1393
811,"(-1,5,-1,1,6,10)",1862.404749,-0.00704051,1,14.1393
812,"(-1,5,-1,2,6,10)",1862.404749,-0.00704051,1,14.1393
813,"(-1,5,0,-4,6,10)",1862.404749,-0.00704051,1,14.1393
814,"(-1,5,0,-3,6,10)",1862.404749,-0.00704051,1,14.1393
815,"(-1,5,0,-2,6,10)",1862.404749,-0.00704051,1,14.1393
816,"(-1,5,0,-1,6,10)",1862.404749,-0.00704051,1,14.1393
817,"(-1,5,0,0,6,10)",1862.404749,-0.00704051,1,14.1393
818,"(-1,5,0,1,6,10)",1862.404749,-0.00704051,1,14.1393
819,"(-1,5,0,2,6,10)",1862.404749,-0.00704051,1,14.1393
820,"(-1,5,1,-4,6,10)",1862.404749,-0.00704051,1,14.1393
821,"(-1,5,1,-3,6,10)",1862.404749,-0.00704051,1,14.1393
822,"(-1,5,1,-2,6,10)",1862.404749,-0.00704051,1,14.1393
823,"(-1,5,1,-1,6,10)",1862.404749,-0.00704051,1,14.1393
824,"(-1,5,1,0,6,10)",1862.404749,-0.00704051,1,14.1393
825,"(-1,5,1,1,6,10)",1862.404749,-0.00704051,1,14.1393
826,"(-1,5,1,2,6,10)",1862.404749,-0.00704051,1,14.1393
827,"(-1,5,2,-4,6,10)",1862.404749,-0.00704051,1,14.1393
828,"(-1,5,2,-3,6,10)",1862.404749,-0.00704051,1,14.1393
829,"(-1,5,2,-2,6,10)",1862.404749,-0.00704051,1,14.1393
830,"(-1,5,2,-1,6,10)",1862.404749,-0.00704051,1,14.1393
831,"(-1,5,2,0,6,10)",1862.404749,-0.00704051,1,14.1393
832,"(-1,5,2,1,6,10)",1862.404749,-0.00704051,1,14.1393
833,"(-1,5,2,2,6,10)",1862.404749,-0.00704051,1,14.1393
834,"(4,0,-4,-4,3,13)",1851.199490,-0.01301470,0,25.3445
835,"(4,0,-4,-3,3,13)",1851.199490,-0.01301470,0,25.3445
836,"(4,0,-4,-2,3,13)",1851.199490,-0.01301470,0,25.3445
837,"(4,0,-4,-1,3,13)",1851.199490,-0.01301470,0,25.3445
838,"(4,0,-4,0,3,13)",1851.199490,-0.01301470,0,25.3445
839,"(4,0,-4,1,3,13)",1851.199490,-0.01301470,0,25.3445
840,"(4,0,-4,2,3,13)",1851.199490,-0.01301470,0,25.3445
841,"(4,0,-3,-4,3,13)",1851.199490,-0.01301470,0,25.3445
842,"(4,0,-3,-3,3,13)",1851.199490,-0.01301470,0,25.3445
843,"(4,0,-3,-2,3,13)",1851.199490,-0.01301470,0,25.3445
844,"(4,0,-3,-1,3,13)",1851.199490,-0.01301470,0,25.3445
845,"(4,0,-3,0,3,13)",1851.199490,-0.01301470,0,25.3445
846,"(4,0,-3,1,3,13)",1851.199490,-0.01301470,0,25.3445
847,"(4,0,-3,2,3,13)",1851.199490,-0.01301470,0,25.3445
848,"(4,0,-2,-4,3,13)",1851.199490,-0.01301470,0,25.3445
849,"(4,0,-2,-3,3,13)",1851.199490,-0.01301470,0,25.3445
850,"(4,0,-2,-2,3,13)",1851.199490,-0.01301470,0,25.3445
851,"(4,0,-2,-1,3,13)",1851.199490,-0.01301470,0,25.3445
852,"(4,0,-2,0,3,13)",1851.199490,-0.01301470,0,25.3445
853,"(4,0,-2,1,3,13)",1851.199490,-0.01301470,0,25.3445
854,"(4,0,-2,2,3,13)",1851.199490,-0.01301470,0,25.3445
855,"(4,0,-1,-4,3,13)",1851.199490,-0.01301470,0,25.3445
856,"(4,0,-1,-3,3,13)",1851.199490,-0.01301470,0,25.3445
857,"(4,0,-1,-2,3,13)",1851.199490,-0.01301470,0,25.3445
858,"(4,0,-1,-1,3,13)",1851.199490,-0.01301470,0,25.3445
859,"(4,0,-1,0,3,13)",1851.199490,-0.01301470,0,25.3445
860,"(4,0,-1,1,3,13)",1851.199490,-0.01301470,0,25.3445
861,"(4,0,-1,2,3,13)",1851.199490,-0.01301470,0,25.3445
862,"(4,0,0,-4,3,13)",1851.199490,-0.01301470,0,25.3445
863,"(4,0,0,-3,3,13)",1851.199490,-0.01301470,0,25.3445
864,"(4,0,0,-2,3,13)",1851.199490,-0.01301470,0,25.3445
865,"(4,0,0,-1,3,13)",1851.199490,-0.01301470,0,25.3445
866,"(4,0,0,0,3,13)",1851.199490,-0.01301470,0,25.3445
867,"(4,0,0,1,3,13)",1851.199490,-0.01301470,0,25.3445
868,"(4,0,0,2,3,13)",1851.199490,-0.01301470,0,25.3445
869,"(4,0,1,-4,3,13)",1851.199490,-0.01301470,0,25.3445
870,"(4,0,1,-3,3,13)",1851.199490,-0.01301470,0,25.3445
871,"(4,0,1,-2,3,13)",1851.199490,-0.01301470,0,25.3445
872,"(4,0,1,-1,3,13)",1851.199490,-0.01301470,0,25.3445
873,"(4,0,1,0,3,13)",1851.199490,-0.01301470,0,25.3445
874,"(4,0,1,1,3,13)",1851.199490,-0.01301470,0,25.3445
875,"(4,0,1,2,3,13)",1851.199490,-0.01301470,0,25.3445
876,"(4,0,2,-4,3,13)",1851.199490,-0.01301470,0,25.3445
877,"(4,0,2,-3,3,13)",1851.199490,-0.01301470,0,25.3445
878,"(4,0,2,-2,3,13)",1851.199490,-0.01301470,0,25.3445
879,"(4,0,2,-1,3,13)",1851.199490,-0.01301470,0,25.3445
880,"(4,0,2,0,3,13)",1851.199490,-0.01301470,0,25.3445
881,"(4,0,2,1,3,13)",1851.199490,-0.01301470,0,25.3445
882,"(4,0,2,2,3,13)",1851.199490,-0.01301470,0,25.3445
883,"(-2,4,-4,-4,3,13)",1850.803360,-0.01322591,1,25.7406
884,"(-2,4,-4,-3,3,13)",1850.803360,-0.01322591,1,25.7406
885,"(-2,4,-4,-2,3,13)",1850.803360,-0.01322591,1,25.7406
886,"(-2,4,-4,-1,3,13)",1850.803360,-0.01322591,1,25.7406
887,"(-2,4,-4,0,3,13)",1850.803360,-0.01322591,1,25.7406
888,"(-2,4,-4,1,3,13)",1850.803360,-0.01322591,1,25.7406
889,"(-2,4,-4,2,3,13)",1850.803360,-0.01322591,1,25.7406
890,"(-2,4,-3,-4,3,13)",1850.803360,-0.01322591,1,25.7406
891,"(-2,4,-3,-3,3,13)",1850.803360,-0.01322591,1,25.7406
892,"(-2,4,-3,-2,3,13)",1850.803360,-0.01322591,1,25.7406
893,"(-2,4,-3,-1,3,13)",1850.803360,-0.01322591,1,25.7406
894,"(-2,4,-3,0,3,13)",1850.803360,-0.01322591,1,25.7406
895,"(-2,4,-3,1,3,13)",1850.803360,-0.01322591,1,25.7406
896,"(-2,4,-3,2,3,13)",1850.803360,-0.01322591,1,25.7406
897,"(-2,4,-2,-4,3,13)",1850.803360,-0.01322591,1,25.7406
898,"(-2,4,-2,-3,3,13)",1850.803360,-0.01322591,1,25.7406
899,"(-2,4,-2,-2,3,13)",1850.803360,-0.01322591,1,25.7406
900,"(-2,4,-2,-1,3,13)",1850.803360,-0.01322591,1,25.7406
901,"(-2,4,-2,0,3,13)",1850.803360,-0.01322591,1,25.7406
902,"(-2,4,-2,1,3,13)",1850.803360,-0.01322591,1,25.7406
903,"(-2,4,-2,2,3,13)",1850.803360,-0.01322591,1,25.7406
904,"(-2,4,-1,-4,3,13)",1850.803360,-0.01322591,1,25.7406
905,"(-2,4,-1,-3,3,13)",1850.803360,-0.01322591,1,25.7406
906,"(-2,4,-1,-2,3,13)",1850.803360,-0.01322591,1,25.7406
907,"(-2,4,-1,-1,3,13)",1850.803360,-0.01322591,1,25.7406
908,"(-2,4,-1,0,3,13)",1850.803360,-0.01322591,1,25.7406
909,"(-2,4,-1,1,3,13)",1850.803360,-0.01322591,1,25.7406
910,"(-2,4,-1,2,3,13)",1850.803360,-0.01322591,1,25.7406
911,"(-2,4,0,-4,3,13)",1850.803360,-0.01322591,1,25.7406
912,"(-2,4,0,-3,3,13)",1850.803360,-0.01322591,1,25.7406
913,"(-2,4,0,-2,3,13)",1850.803360,-0.01322591,1,25.7406
914,"(-2,4,0,-1,3,13)",1850.803360,-0.01322591,1,25.7406
915,"(-2,4,0,0,3,13)",1850.803360,-0.01322591,1,25.7406
916,"(-2,4,0,1,3,13)",1850.803360,-0.01322591,1,25.7406
917,"(-2,4,0,2,3,13)",1850.803360,-0.01322591,1,25.7406
918,"(-2,4,1,-4,3,13)",1850.803360,-0.01322591,1,25.7406
919,"(-2,4,1,-3,3,13)",1850.803360,-0.01322591,1,25.7406
920,"(-2,4,1,-2,3,13)",1850.803360,-0.01322591,1,25.7406
921,"(-2,4,1,-1,3,13)",1850.803360,-0.01322591,1,25.7406
922,"(-2,4,1,0,3,13)",1850.803360,-0.01322591,1,25.7406
923,"(-2,4,1,1,3,13)",1850.803360,-0.01322591,1,25.7406
924,"(-2,4,1,2,3,13)",1850.803360,-0.01322591,1,25.7406
925,"(-2,4,2,-4,3,13)",1850.803360,-0.01322591,1,25.7406
926,"(-2,4,2,-3,3,13)",1850.803360,-0.01322591,1,25.7406
927,"(-2,4,2,-2,3,13)",1850.803360,-0.01322591,1,25.7406
928,"(-2,4,2,-1,3,13)",1850.803360,-0.01322591,1,25.7406
929,"(-2,4,2,0,3,13)",1850.803360,-0.01322591,1,25.7406
930,"(-2,4,2,1,3,13)",1850.803360,-0.01322591,1,25.7406
931,"(-2,4,2,2,3,13)",1850.803360,-0.01322591,1,25.7406
932,"(4,4,-4,-4,6,11)",1840.909910,-0.01850070,-1,35.6341
933,"(4,4,-4,-3,6,11)",1840.909910,-0.01850070,-1,35.6341
934,"(4,4,-4,-2,6,11)",1840.909910,-0.01850070,-1,35.6341
935,"(4,4,-4,-1,6,11)",1840.909910,-0.01850070,-1,35.6341
936,"(4,4,-4,0,6,11)",1840.909910,-0.01850070,-1,35.6341
937,"(4,4,-4,1,6,11)",1840.909910,-0.01850070,-1,35.6341
938,"(4,4,-4,2,6,11)",1840.909910,-0.01850070,-1,35.6341
939,"(4,4,-3,-4,6,11)",1840.909910,-0.01850070,-1,35.6341
940,"(4,4,-3,-3,6,11)",1840.909910,-0.01850070,-1,35.6341
941,"(4,4,-3,-2,6,11)",1840.909910,-0.01850070,-1,35.6341
942,"(4,4,-3,-1,6,11)",1840.909910,-0.01850070,-1,35.6341
943,"(4,4,-3,0,6,11)",1840.909910,-0.01850070,-1,35.6341
944,"(4,4,-3,1,6,11)",1840.909910,-0.01850070,-1,35.6341
945,"(4,4,-3,2,6,11)",1840.909910,-0.01850070,-1,35.6341
946,"(4,4,-2,-4,6,11)",1840.909910,-0.01850070,-1,35.6341
947,"(4,4,-2,-3,6,11)",1840.909910,-0.01850070,-1,35.6341
948,"(4,4,-2,-2,6,11)",1840.909910,-0.01850070,-1,35.6341
949,"(4,4,-2,-1,6,11)",1840.909910,-0.01850070,-1,35.6341
950,"(4,4,-2,0,6,11)",1840.909910,-0.01850070,-1,35.6341
951,"(4,4,-2,1,6,11)",1840.909910,-0.01850070,-1,35.6341
952,"(4,4,-2,2,6,11)",1840.909910,-0.01850070,-1,35.6341
953,"(4,4,-1,-4,6,11)",1840.909910,-0.01850070,-1,35.6341
954,"(4,4,-1,-3,6,11)",1840.909910,-0.01850070,-1,35.6341
955,"(4,4,-1,-2,6,11)",1840.909910,-0.01850070,-1,35.6341
956,"(4,4,-1,-1,6,11)",1840.909910,-0.01850070,-1,35.6341
957,"(4,4,-1,0,6,11)",1840.909910,-0.01850070,-1,35.6341
958,"(4,4,-1,1,6,11)",1840.909910,-0.01850070,-1,35.6341
959,"(4,4,-1,2,6,11)",1840.909910,-0.01850070,-1,35.6341
960,"(4,4,0,-4,6,11)",1840.909910,-0.01850070,-1,35.6341
961,"(4,4,0,-3,6,11)",1840.909910,-0.01850070,-1,35.6341
962,"(4,4,0,-2,6,11)",1840.909910,-0.01850070,-1,35.6341
963,"(4,4,0,-1,6,11)",1840.909910,-0.01850070,-1,35.6341
964,"(4,4,0,0,6,11)",1840.909910,-0.01850070,-1,35.6341
965,"(4,4,0,1,6,11)",1840.909910,-0.01850070,-1,35.6341
966,"(4,4,0,2,6,11)",1840.909910,-0.01850070,-1,35.6341
967,"(4,4,1,-4,6,11)",1840.909910,-0.01850070,-1,35.6341
968,"(4,4,1,-3,6,11)",1840.909910,-0.01850070,-1,35.6341
969,"(4,4,1,-2,6,11)",1840.909910,-0.01850070,-1,35.6341
970,"(4,4,1,-1,6,11)",1840.909910,-0.01850070,-1,35.6341
971,"(4,4,1,0,6,11)",1840.909910,-0.01850070,-1,35.6341
972,"(4,4,1,1,6,11)",1840.909910,-0.01850070,-1,35.6341
973,"(4,4,1,2,6,11)",1840.909910,-0.01850070,-1,35.6341
974,"(4,4,2,-4,6,11)",1840.909910,-0.01850070,-1,35.6341
975,"(4,4,2,-3,6,11)",1840.909910,-0.01850070,-1,35.6341
976,"(4,4,2,-2,6,11)",1840.909910,-0.01850070,-1,35.6341
977,"(4,4,2,-1,6,11)",1840.909910,-0.01850070,-1,35.6341
978,"(4,4,2,0,6,11)",1840.909910,-0.01850070,-1,35.6341
979,"(4,4,2,1,6,11)",1840.909910,-0.01850070,-1,35.6341
980,"(4,4,2,2,6,11)",1840.909910,-0.01850070,-1,35.6341
981,"(3,2,-4,-4,6,11)",1840.810048,-0.01855394,0,35.7340
982,"(3,2,-4,-3,6,11)",1840.810048,-0.01855394,0,35.7340
983,"(3,2,-4,-2,6,11)",1840.810048,-0.01855394,0,35.7340
984,"(3,2,-4,-1,6,11)",1840.810048,-0.01855394,0,35.7340
985,"(3,2,-4,0,6,11)",1840.810048,-0.01855394,0,35.7340
986,"(3,2,-4,1,6,11)",1840.810048,-0.01855394,0,35.7340
987,"(3,2,-4,2,6,11)",1840.810048,-0.01855394,0,35.7340
988,"(3,2,-3,-4,6,11)",1840.810048,-0.01855394,0,35.7340
989,"(3,2,-3,-3,6,11)",1840.810048,-0.01855394,0,35.7340
990,"(3,2,-3,-2,6,11)",1840.810048,-0.01855394,0,35.7340
991,"(3,2,-3,-1,6,11)",1840.810048,-0.01855394,0,35.7340
992,"(3,2,-3,0,6,11)",1840.810048,-0.01855394,0,35.7340
993,"(3,2,-3,1,6,11)",1840.810048,-0.01855394,0,35.7340
994,"(3,2,-3,2,6,11)",1840.810048,-0.01855394,0,35.7340
995,"(3,2,-2,-4,6,11)",1840.810048,-0.01855394,0,35.7340
996,"(3,2,-2,-3,6,11)",1840.810048,-0.01855394,0,35.7340
997,"(3,2,-2,-2,6,11)",1840.810048,-0.01855394,0,35.7340
998,"(3,2,-2,-1,6,11)",1840.810048,-0.01855394,0,35.7340
999,"(3,2,-2,0,6,11)",1840.810048,-0.01855394,0,35.7340
1000,"(3,2,-2,1,6,11)",1840.810048,-0.01855394,0,35.7340
1001,"(3,2,-2,2,6,11)",1840.810048,-0.01855394,0,35.7340
1002,"(3,2,-1,-4,6,11)",1840.810048,-0.01855394,0,35.7340
1003,"(3,2,-1,-3,6,11)",1840.810048,-0.01855394,0,35.7340
1004,"(3,2,-1,-2,6,11)",1840.810048,-0.01855394,0,35.7340
1005,"(3,2,-1,-1,6,11)",1840.810048,-0.01855394,0,35.7340
1006,"(3,2,-1,0,6,11)",1840.810048,-0.01855394,0,35.7340
1007,"(3,2,-1,1,6,11)",1840.810048,-0.01855394,0,35.7340
1008,"(3,2,-1,2,6,11)",1840.810048,-0.01855394,0,35.7340
1009,"(3,2,0,-4,6,11)",1840.810048,-0.01855394,0,35.7340
1010,"(3,2,0,-3,6,11)",1840.810048,-0.01855394,0,35.7340
1011,"(3,2,0,-2,6,11)",1840.810048,-0.01855394,0,35.7340
1012,"(3,2,0,-1,6,11)",1840.810048,-0.01855394,0,35.7340
1013,"(3,2,0,0,6,11)",1840.810048,-0.01855394,0,35.7340
1014,"(3,2,0,1,6,11)",1840.810048,-0.01855394,0,35.7340
1015,"(3,2,0,2,6,11)",1840.810048,-0.01855394,0,35.7340
1016,"(3,2,1,-4,6,11)",1840.810048,-0.01855394,0,35.7340
1017,"(3,2,1,-3,6,11)",1840.810048,-0.01855394,0,35.7340
1018,"(3,2,1,-2,6,11)",1840.810048,-0.01855394,0,35.7340
1019,"(3,2,1,-1,6,11)",1840.810048,-0.01855394,0,35.7340
1020,"(3,2,1,0,6,11)",1840.810048,-0.01855394,0,35.7340
1021,"(3,2,1,1,6,11)",1840.810048,-0.01855394,0,35.7340
1022,"(3,2,1,2,6,11)",1840.810048,-0.01855394,0,35.7340
1023,"(3,2,2,-4,6,11)",1840.810048,-0.01855394,0,35.7340
1024,"(3,2,2,-3,6,11)",1840.810048,-0.01855394,0,35.7340
1025,"(3,2,2,-2,6,11)",1840.810048,-0.01855394,0,35.7340
1026,"(3,2,2,-1,6,11)",1840.810048,-0.01855394,0,35.7340
1027,"(3,2,2,0,6,11)",1840.810048,-0.01855394,0,35.7340
1028,"(3,2,2,1,6,11)",1840.810048,-0.01855394,0,35.7340
1029,"(3,2,2,2,6,11)",1840.810048,-0.01855394,0,35.7340
1030,"(-2,0,-4,-4,6,11)",1840.710323,-0.01860711,0,35.8337
1031,"(-2,0,-4,-3,6,11)",1840.710323,-0.01860711,0,35.8337
1032,"(-2,0,-4,-2,6,11)",1840.710323,-0.01860711,0,35.8337
1033,"(-2,0,-4,-1,6,11)",1840.710323,-0.01860711,0,35.8337
1034,"(-2,0,-4,0,6,11)",1840.710323,-0.01860711,0,35.8337
1035,"(-2,0,-4,1,6,11)",1840.710323,-0.01860711,0,35.8337
1036,"(-2,0,-4,2,6,11)",1840.710323,-0.01860711,0,35.8337
1037,"(-2,0,-3,-4,6,11)",1840.710323,-0.01860711,0,35.8337
1038,"(-2,0,-3,-3,6,11)",1840.710323,-0.01860711,0,35.8337
1039,"(-2,0,-3,-2,6,11)",1840.710323,-0.01860711,0,35.8337
1040,"(-2,0,-3,-1,6,11)",1840.710323,-0.01860711,0,35.8337
1041,"(-2,0,-3,0,6,11)",1840.710323,-0.01860711,0,35.8337
1042,"(-2,0,-3,1,6,11)",1840.710323,-0.01860711,0,35.8337
1043,"(-2,0,-3,2,6,11)",1840.710323,-0.01860711,0,35.8337
1044,"(-2,0,-2,-4,6,11)",1840.710323,-0.01860711,0,35.8337
1045,"(-2,0,-2,-3,6,11)",1840.710323,-0.01860711,0,35.8337
1046,"(-2,0,-2,-2,6,11)",1840.710323,-0.01860711,0,35.8337
1047,"(-2,0,-2,-1,6,11)",1840.710323,-0.01860711,0,35.8337
1048,"(-2,0,-2,0,6,11)",1840.710323,-0.01860711,0,35.8337
1049,"(-2,0,-2,1,6,11)",1840.710323,-0.01860711,0,35.8337
1050,"(-2,0,-2,2,6,11)",1840.710323,-0.01860711,0,35.8337
1051,"(-2,0,-1,-4,6,11)",1840.710323,-0.01860711,0,35.8337
1052,"(-2,0,-1,-3,6,11)",1840.710323,-0.01860711,0,35.8337
1053,"(-2,0,-1,-2,6,11)",1840.710323,-0.01860711,0,35.8337
1054,"(-2,0,-1,-1,6,11)",1840.710323,-0.01860711,0,35.8337
1055,"(-2,0,-1,0,6,11)",1840.710323,-0.01860711,0,35.8337
1056,"(-2,0,-1,1,6,11)",1840.710323,-0.01860711,0,35.8337
1057,"(-2,0,-1,2,6,11)",1840.710323,-0.01860711,0,35.8337
1058,"(-2,0,0,-4,6,11)",1840.710323,-0.01860711,0,35.8337
1059,"(-2,0,0,-3,6,11)",1840.710323,-0.01860711,0,35.8337
1060,"(-2,0,0,-2,6,11)",1840.710323,-0.01860711,0,35.8337
1061,"(-2,0,0,-1,6,11)",1840.710323,-0.01860711,0,35.8337
1062,"(-2,0,0,0,6,11)",1840.710323,-0.01860711,0,35.8337
1063,"(-2,0,0,1,6,11)",1840.710323,-0.01860711,0,35.8337
1064,"(-2,0,0,2,6,11)",1840.710323,-0.01860711,0,35.8337
1065,"(-2,0,1,-4,6,11)",1840.710323,-0.01860711,0,35.8337
1066,"(-2,0,1,-3,6,11)",1840.710323,-0.01860711,0,35.8337
1067,"(-2,0,1,-2,6,11)",1840.710323,-0.01860711,0,35.8337
1068,"(-2,0,1,-1,6,11)",1840.710323,-0.01860711,0,35.8337
1069,"(-2,0,1,0,6,11)",1840.710323,-0.01860711,0,35.8337
1070,"(-2,0,1,1,6,11)",1840.710323,-0.01860711,0,35.8337
1071,"(-2,0,1,2,6,11)",1840.710323,-0.01860711,0,35.8337
1072,"(-2,0,2,-4,6,11)",1840.710323,-0.01860711,0,35.8337
1073,"(-2,0,2,-3,6,11)",1840.710323,-0.01860711,0,35.8337
1074,"(-2,0,2,-2,6,11)",1840.710323,-0.01860711,0,35.8337
1075,"(-2,0,2,-1,6,11)",1840.710323,-0.01860711,0,35.8337
1076,"(-2,0,2,0,6,11)",1840.710323,-0.01860711,0,35.8337
1077,"(-2,0,2,1,6,11)",1840.710323,-0.01860711,0,35.8337
1078,"(-2,0,2,2,6,11)",1840.710323,-0.01860711,0,35.8337
1079,"(2,0,-4,-4,6,11)",1840.710323,-0.01860711,0,35.8337
1080,"(2,0,-4,-3,6,11)",1840.710323,-0.01860711,0,35.8337
1081,"(2,0,-4,-2,6,11)",1840.710323,-0.01860711,0,35.8337
1082,"(2,0,-4,-1,6,11)",1840.710323,-0.01860711,0,35.8337
1083,"(2,0,-4,0,6,11)",1840.710323,-0.01860711,0,35.8337
1084,"(2,0,-4,1,6,11)",1840.710323,-0.01860711,0,35.8337
1085,"(2,0,-4,2,6,11)",1840.710323,-0.01860711,0,35.8337
1086,"(2,0,-3,-4,6,11)",1840.710323,-0.01860711,0,35.8337
1087,"(2,0,-3,-3,6,11)",1840.710323,-0.01860711,0,35.8337
1088,"(2,0,-3,-2,6,11)",1840.710323,-0.01860711,0,35.8337
1089,"(2,0,-3,-1,6,11)",1840.710323,-0.01860711,0,35.8337
1090,"(2,0,-3,0,6,11)",1840.710323,-0.01860711,0,35.8337
1091,"(2,0,-3,1,6,11)",1840.710323,-0.01860711,0,35.8337
1092,"(2,0,-3,2,6,11)",1840.710323,-0.01860711,0,35.8337
1093,"(2,0,-2,-4,6,11)",1840.710323,-0.01860711,0,35.8337
1094,"(2,0,-2,-3,6,11)",1840.710323,-0.01860711,0,35.8337
1095,"(2,0,-2,-2,6,11)",1840.710323,-0.01860711,0,35.8337
1096,"(2,0,-2,-1,6,11)",1840.710323,-0.01860711,0,35.8337
1097,"(2,0,-2,0,6,11)",1840.710323,-0.01860711,0,35.8337
1098,"(2,0,-2,1,6,11)",1840.710323,-0.01860711,0,35.8337
1099,"(2,0,-2,2,6,11)",1840.710323,-0.01860711,0,35.8337
1100,"(2,0,-1,-4,6,11)",1840.710323,-0.01860711,0,35.8337
1101,"(2,0,-1,-3,6,11)",1840.710323,-0.01860711,0,35.8337
1102,"(2,0,-1,-2,6,11)",1840.710323,-0.01860711,0,35.8337
1103,"(2,0,-1,-1,6,11)",1840.710323,-0.01860711,0,35.8337
1104,"(2,0,-1,0,6,11)",1840.710323,-0.01860711,0,35.8337
1105,"(2,0,-1,1,6,11)",1840.710323,-0.01860711,0,35.8337
1106,"(2,0,-1,2,6,11)",1840.710323,-0.01860711,0,35.8337
1107,"(2,0,0,-4,6,11)",1840.710323,-0.01860711,0,35.8337
1108,"(2,0,0,-3,6,11)",1840.710323,-0.01860711,0,35.8337
1109,"(2,0,0,-2,6,11)",1840.710323,-0.01860711,0,35.8337
1110,"(2,0,0,-1,6,11)",1840.710323,-0.01860711,0,35.8337
1111,"(2,0,0,0,6,11)",1840.710323,-0.01860711,0,35.8337
1112,"(2,0,0,1,6,11)",1840.710323,-0.01860711,0,35.8337
1113,"(2,0,0,2,6,11)",1840.710323,-0.01860711,0,35.8337
1114,"(2,0,1,-4,6,11)",1840.710323,-0.01860711,0,35.8337
1115,"(2,0,1,-3,6,11)",1840.710323,-0.01860711,0,35.8337
1116,"(2,0,1,-2,6,11)",1840.710323,-0.01860711,0,35.8337
1117,"(2,0,1,-1,6,11)",1840.710323,-0.01860711,0,35.8337
1118,"(2,0,1,0,6,11)",1840.710323,-0.01860711,0,35.8337
1119,"(2,0,1,1,6,11)",1840.710323,-0.01860711,0,35.8337
1120,"(2,0,1,2,6,11)",1840.710323,-0.01860711,0,35.8337
1121,"(2,0,2,-4,6,11)",1840.710323,-0.01860711,0,35.8337
1122,"(2,0,2,-3,6,11)",1840.710323,-0.01860711,0,35.8337
1123,"(2,0,2,-2,6,11)",1840.710323,-0.01860711,0,35.8337
1124,"(2,0,2,-1,6,11)",1840.710323,-0.01860711,0,35.8337
1125,"(2,0,2,0,6,11)",1840.710323,-0.01860711,0,35.8337
1126,"(2,0,2,1,6,11)",1840.710323,-0.01860711,0,35.8337
1127,"(2,0,2,2,6,11)",1840.710323,-0.01860711,0,35.8337
1128,"(-1,2,-4,-4,6,11)",1840.610734,-0.01866020,1,35.9333
1129,"(-1,2,-4,-3,6,11)",1840.610734,-0.01866020,1,35.9333
1130,"(-1,2,-4,-2,6,11)",1840.610734,-0.01866020,1,35.9333
1131,"(-1,2,-4,-1,6,11)",1840.610734,-0.01866020,1,35.9333
1132,"(-1,2,-4,0,6,11)",1840.610734,-0.01866020,1,35.9333
1133,"(-1,2,-4,1,6,11)",1840.610734,-0.01866020,1,35.9333
1134,"(-1,2,-4,2,6,11)",1840.610734,-0.01866020,1,35.9333
1135,"(-1,2,-3,-4,6,11)",1840.610734,-0.01866020,1,35.9333
1136,"(-1,2,-3,-3,6,11)",1840.610734,-0.01866020,1,35.9333
1137,"(-1,2,-3,-2,6,11)",1840.610734,-0.01866020,1,35.9333
1138,"(-1,2,-3,-1,6,11)",1840.610734,-0.01866020,1,35.9333
1139,"(-1,2,-3,0,6,11)",1840.610734,-0.01866020,1,35.9333
1140,"(-1,2,-3,1,6,11)",1840.610734,-0.01866020,1,35.9333
1141,"(-1,2,-3,2,6,11)",1840.610734,-0.01866020,1,35.9333
1142,"(-1,2,-2,-4,6,11)",1840.610734,-0.01866020,1,35.9333
1143,"(-1,2,-2,-3,6,11)",1840.610734,-0.01866020,1,35.9333
1144,"(-1,2,-2,-2,6,11)",1840.610734,-0.01866020,1,35.9333
1145,"(-1,2,-2,-1,6,11)",1840.610734,-0.01866020,1,35.9333
1146,"(-1,2,-2,0,6,11)",1840.610734,-0.01866020,1,35.9333
1147,"(-1,2,-2,1,6,11)",1840.610734,-0.01866020,1,35.9333
1148,"(-1,2,-2,2,6,11)",1840.610734,-0.01866020,1,35.9333
1149,"(-1,2,-1,-4,6,11)",1840.610734,-0.01866020,1,35.9333
1150,"(-1,2,-1,-3,6,11)",1840.610734,-0.01866020,1,35.9333
1151,"(-1,2,-1,-2,6,11)",1840.610734,-0.01866020,1,35.9333
1152,"(-1,2,-1,-1,6,11)",1840.610734,-0.01866020,1,35.9333
1153,"(-1,2,-1,0,6,11)",1840.610734,-0.01866020,1,35.9333
1154,"(-1,2,-1,1,6,11)",1840.610734,-0.01866020,1,35.9333
1155,"(-1,2,-1,2,6,11)",1840.610734,-0.01866020,1,35.9333
1156,"(-1,2,0,-4,6,11)",1840.610734,-0.01866020,1,35.9333
1157,"(-1,2,0,-3,6,11)",1840.610734,-0.01866020,1,35.9333
1158,"(-1,2,0,-2,6,11)",1840.610734,-0.01866020,1,35.9333
1159,"(-1,2,0,-1,6,11)",1840.610734,-0.01866020,1,35.9333
1160,"(-1,2,0,0,6,11)",1840.610734,-0.01866020,1,35.9333
1161,"(-1,2,0,1,6,11)",1840.610734,-0.01866020,1,35.9333
1162,"(-1,2,0,2,6,11)",1840.610734,-0.01866020,1,35.9333
1163,"(-1,2,1,-4,6,11)",1840.610734,-0.01866020,1,35.9333
1164,"(-1,2,1,-3,6,11)",1840.610734,-0.01866020,1,35.9333
1165,"(-1,2,1,-2,6,11)",1840.610734,-0.01866020,1,35.9333
1166,"(-1,2,1,-1,6,11)",1840.610734,-0.01866020,1,35.9333
1167,"(-1,2,1,0,6,11)",1840.610734,-0.01866020,1,35.9333
1168,"(-1,2,1,1,6,11)",1840.610734,-0.01866020,1,35.9333
1169,"(-1,2,1,2,6,11)",1840.610734,-0.01866020,1,35.9333
1170,"(-1,2,2,-4,6,11)",1840.610734,-0.01866020,1,35.9333
1171,"(-1,2,2,-3,6,11)",1840.610734,-0.01866020,1,35.9333
1172,"(-1,2,2,-2,6,11)",1840.610734,-0.01866020,1,35.9333
1173,"(-1,2,2,-1,6,11)",1840.610734,-0.01866020,1,35.9333
1174,"(-1,2,2,0,6,11)",1840.610734,-0.01866020,1,35.9333
1175,"(-1,2,2,1,6,11)",1840.610734,-0.01866020,1,35.9333
1176,"(-1,2,2,2,6,11)",1840.610734,-0.01866020,1,35.9333
1177,"(0,4,-4,-4,6,11)",1840.511282,-0.01871323,0,36.0327
1178,"(0,4,-4,-3,6,11)",1840.511282,-0.01871323,0,36.0327
1179,"(0,4,-4,-2,6,11)",1840.511282,-0.01871323,0,36.0327
1180,"(0,4,-4,-1,6,11)",1840.511282,-0.01871323,0,36.0327
1181,"(0,4,-4,0,6,11)",1840.511282,-0.01871323,0,36.0327
1182,"(0,4,-4,1,6,11)",1840.511282,-0.01871323,0,36.0327
1183,"(0,4,-4,2,6,11)",1840.511282,-0.01871323,0,36.0327
1184,"(0,4,-3,-4,6,11)",1840.511282,-0.01871323,0,36.0327
1185,"(0,4,-3,-3,6,11)",1840.511282,-0.01871323,0,36.0327
1186,"(0,4,-3,-2,6,11)",1840.511282,-0.01871323,0,36.0327
1187,"(0,4,-3,-1,6,11)",1840.511282,-0.01871323,0,36.0327
1188,"(0,4,-3,0,6,11)",1840.511282,-0.01871323,0,36.0327
1189,"(0,4,-3,1,6,11)",1840.511282,-0.01871323,0,36.0327
1190,"(0,4,-3,2,6,11)",1840.511282,-0.01871323,0,36.0327
1191,"(0,4,-2,-4,6,11)",1840.511282,-0.01871323,0,36.0327
1192,"(0,4,-2,-3,6,11)",1840.511282,-0.01871323,0,36.0327
1193,"(0,4,-2,-2,6,11)",1840.511282,-0.01871323,0,36.0327
1194,"(0,4,-2,-1,6,11)",1840.511282,-0.01871323,0,36.0327
1195,"(0,4,-2,0,6,11)",1840.511282,-0.01871323,0,36.0327
1196,"(0,4,-2,1,6,11)",1840.511282,-0.01871323,0,36.0327
1197,"(0,4,-2,2,6,11)",1840.511282,-0.01871323,0,36.0327
1198,"(0,4,-1,-4,6,11)",1840.511282,-0.01871323,0,36.0327
1199,"(0,4,-1,-3,6,11)",1840.511282,-0.01871323,0,36.0327
1200,"(0,4,-1,-2,6,11)",1840.511282,-0.01871323,0,36.0327
1201,"(0,4,-1,-1,6,11)",1840.511282,-0.01871323,0,36.0327
1202,"(0,4,-1,0,6,11)",1840.511282,-0.01871323,0,36.0327
1203,"(0,4,-1,1,6,11)",1840.511282,-0.01871323,0,36.0327
1204,"(0,4,-1,2,6,11)",1840.511282,-0.01871323,0,36.0327
1205,"(0,4,0,-4,6,11)",1840.511282,-0.01871323,0,36.0327
1206,"(0,4,0,-3,6,11)",1840.511282,-0.01871323,0,36.0327
1207,"(0,4,0,-2,6,11)",1840.511282,-0.01871323,0,36.0327
1208,"(0,4,0,-1,6,11)",1840.511282,-0.01871323,0,36.0327
1209,"(0,4,0,0,6,11)",1840.511282,-0.01871323,0,36.0327
1210,"(0,4,0,1,6,11)",1840.511282,-0.01871323,0,36.0327
1211,"(0,4,0,2,6,11)",1840.511282,-0.01871323,0,36.0327
1212,"(0,4,1,-4,6,11)",1840.511282,-0.01871323,0,36.0327
1213,"(0,4,1,-3,6,11)",1840.511282,-0.01871323,0,36.0327
1214,"(0,4,1,-2,6,11)",1840.511282,-0.01871323,0,36.0327
1215,"(0,4,1,-1,6,11)",1840.511282,-0.01871323,0,36.0327
1216,"(0,4,1,0,6,11)",1840.511282,-0.01871323,0,36.0327
1217,"(0,4,1,1,6,11)",1840.511282,-0.01871323,0,36.0327
1218,"(0,4,1,2,6,11)",1840.511282,-0.01871323,0,36.0327
1219,"(0,4,2,-4,6,11)",1840.511282,-0.01871323,0,36.0327
1220,"(0,4,2,-3,6,11)",1840.511282,-0.01871323,0,36.0327
1221,"(0,4,2,-2,6,11)",1840.511282,-0.01871323,0,36.0327
1222,"(0,4,2,-1,6,11)",1840.511282,-0.01871323,0,36.0327
1223,"(0,4,2,0,6,11)",1840.511282,-0.01871323,0,36.0327
1224,"(0,4,2,1,6,11)",1840.511282,-0.01871323,0,36.0327
1225,"(0,4,2,2,6,11)",1840.511282,-0.01871323,0,36.0327
1226,"(4,0,-4,-4,6,9)",1839.716635,-0.01913690,0,36.8274
1227,"(4,0,-4,-3,6,9)",1839.716635,-0.01913690,0,36.8274
1228,"(4,0,-4,-2,6,9)",1839.716635,-0.01913690,0,36.8274
1229,"(4,0,-4,-1,6,9)",1839.716635,-0.01913690,0,36.8274
1230,"(4,0,-4,0,6,9)",1839.716635,-0.01913690,0,36.8274
1231,"(4,0,-4,1,6,9)",1839.716635,-0.01913690,0,36.8274
1232,"(4,0,-4,2,6,9)",1839.716635,-0.01913690,0,36.8274
1233,"(4,0,-3,-4,6,9)",1839.716635,-0.01913690,0,36.8274
1234,"(4,0,-3,-3,6,9)",1839.716635,-0.01913690,0,36.8274
1235,"(4,0,-3,-2,6,9)",1839.716635,-0.01913690,0,36.8274
1236,"(4,0,-3,-1,6,9)",1839.716635,-0.01913690,0,36.8274
1237,"(4,0,-3,0,6,9)",1839.716635,-0.01913690,0,36.8274
1238,"(4,0,-3,1,6,9)",1839.716635,-0.01913690,0,36.8274
1239,"(4,0,-3,2,6,9)",1839.716635,-0.01913690,0,36.8274
1240,"(4,0,-2,-4,6,9)",1839.716635,-0.01913690,0,36.8274
1241,"(4,0,-2,-3,6,9)",1839.716635,-0.01913690,0,36.8274
1242,"(4,0,-2,-2,6,9)",1839.716635,-0.01913690,0,36.8274
1243,"(4,0,-2,-1,6,9)",1839.716635,-0.01913690,0,36.8274
1244,"(4,0,-2,0,6,9)",1839.716635,-0.01913690,0,36.8274
1245,"(4,0,-2,1,6,9)",1839.716635,-0.01913690,0,36.8274
1246,"(4,0,-2,2,6,9)",1839.716635,-0.01913690,0,36.8274
1247,"(4,0,-1,-4,6,9)",1839.716635,-0.01913690,0,36.8274
1248,"(4,0,-1,-3,6,9)",1839.716635,-0.01913690,0,36.8274
1249,"(4,0,-1,-2,6,9)",1839.716635,-0.01913690,0,36.8274
1250,"(4,0,-1,-1,6,9)",1839.716635,-0.01913690,0,36.8274
1251,"(4,0,-1,0,6,9)",1839.716635,-0.01913690,0,36.8274
1252,"(4,0,-1,1,6,9)",1839.716635,-0.01913690,0,36.8274
1253,"(4,0,-1,2,6,9)",1839.716635,-0.01913690,0,36.8274
1254,"(4,0,0,-4,6,9)",1839.716635,-0.01913690,0,36.8274
1255,"(4,0,0,-3,6,9)",1839.716635,-0.01913690,0,36.8274
1256,"(4,0,0,-2,6,9)",1839.716635,-0.01913690,0,36.8274
1257,"(4,0,0,-1,6,9)",1839.716635,-0.01913690,0,36.8274
1258,"(4,0,0,0,6,9)",1839.716635,-0.01913690,0,36.8274
1259,"(4,0,0,1,6,9)",1839.716635,-0.01913690,0,36.8274
1260,"(4,0,0,2,6,9)",1839.716635,-0.01913690,0,36.8274
1261,"(4,0,1,-4,6,9)",1839.716635,-0.01913690,0,36.8274
1262,"(4,0,1,-3,6,9)",1839.716635,-0.01913690,0,36.8274
1263,"(4,0,1,-2,6,9)",1839.716635,-0.01913690,0,36.8274
1264,"(4,0,1,-1,6,9)",1839.716635,-0.01913690,0,36.8274
1265,"(4,0,1,0,6,9)",1839.716635,-0.01913690,0,36.8274
1266,"(4,0,1,1,6,9)",1839.716635,-0.01913690,0,36.8274
1267,"(4,0,1,2,6,9)",1839.716635,-0.01913690,0,36.8274
1268,"(4,0,2,-4,6,9)",1839.716635,-0.01913690,0,36.8274
1269,"(4,0,2,-3,6,9)",1839.716635,-0.01913690,0,36.8274
1270,"(4,0,2,-2,6,9)",1839.716635,-0.01913690,0,36.8274
1271,"(4,0,2,-1,6,9)",1839.716635,-0.01913690,0,36.8274
1272,"(4,0,2,0,6,9)",1839.716635,-0.01913690,0,36.8274
1273,"(4,0,2,1,6,9)",1839.716635,-0.01913690,0,36.8274
1274,"(4,0,2,2,6,9)",1839.716635,-0.01913690,0,36.8274
1275,"(-2,4,-4,-4,6,9)",1839.318032,-0.01934942,1,37.2260
1276,"(-2,4,-4,-3,6,9)",1839.318032,-0.01934942,1,37.2260
1277,"(-2,4,-4,-2,6,9)",1839.318032,-0.01934942,1,37.2260
1278,"(-2,4,-4,-1,6,9)",1839.318032,-0.01934942,1,37.2260
1279,"(-2,4,-4,0,6,9)",1839.318032,-0.01934942,1,37.2260
1280,"(-2,4,-4,1,6,9)",1839.318032,-0.01934942,1,37.2260
1281,"(-2,4,-4,2,6,9)",1839.318032,-0.01934942,1,37.2260
1282,"(-2,4,-3,-4,6,9)",1839.318032,-0.01934942,1,37.2260
1283,"(-2,4,-3,-3,6,9)",1839.318032,-0.01934942,1,37.2260
1284,"(-2,4,-3,-2,6,9)",1839.318032,-0.01934942,1,37.2260
1285,"(-2,4,-3,-1,6,9)",1839.318032,-0.01934942,1,37.2260
1286,"(-2,4,-3,0,6,9)",1839.318032,-0.01934942,1,37.2260
1287,"(-2,4,-3,1,6,9)",1839.318032,-0.01934942,1,37.2260
1288,"(-2,4,-3,2,6,9)",1839.318032,-0.01934942,1,37.2260
1289,"(-2,4,-2,-4,6,9)",1839.318032,-0.01934942,1,37.2260
1290,"(-2,4,-2,-3,6,9)",1839.318032,-0.01934942,1,37.2260
1291,"(-2,4,-2,-2,6,9)",1839.318032,-0.01934942,1,37.2260
1292,"(-2,4,-2,-1,6,9)",1839.318032,-0.01934942,1,37.2260
1293,"(-2,4,-2,0,6,9)",1839.318032,-0.01934942,1,37.2260
1294,"(-2,4,-2,1,6,9)",1839.318032,-0.01934942,1,37.2260
1295,"(-2,4,-2,2,6,9)",1839.318032,-0.01934942,1,37.2260
1296,"(-2,4,-1,-4,6,9)",1839.318032,-0.01934942,1,37.2260
1297,"(-2,4,-1,-3,6,9)",1839.318032,-0.01934942,1,37.2260
1298,"(-2,4,-1,-2,6,9)",1839.318032,-0.01934942,1,37.2260
1299,"(-2,4,-1,-1,6,9)",1839.318032,-0.01934942,1,37.2260
1300,"(-2,4,-1,0,6,9)",1839.318032,-0.01934942,1,37.2260
1301,"(-2,4,-1,1,6,9)",1839.318032,-0.01934942,1,37.2260
1302,"(-2,4,-1,2,6,9)",1839.318032,-0.01934942,1,37.2260
1303,"(-2,4,0,-4,6,9)",1839.318032,-0.01934942,1,37.2260
1304,"(-2,4,0,-3,6,9)",1839.318032,-0.01934942,1,37.2260
1305,"(-2,4,0,-2,6,9)",1839.318032,-0.01934942,1,37.2260
1306,"(-2,4,0,-1,6,9)",1839.318032,-0.01934942,1,37.2260
1307,"(-2,4,0,0,6,9)",1839.318032,-0.01934942,1,37.2260
1308,"(-2,4,0,1,6,9)",1839.318032,-0.01934942,1,37.2260
1309,"(-2,4,0,2,6,9)",1839.318032,-0.01934942,1,37.2260
1310,"(-2,4,1,-4,6,9)",1839.318032,-0.01934942,1,37.2260
1311,"(-2,4,1,-3,6,9)",1839.318032,-0.01934942,1,37.2260
1312,"(-2,4,1,-2,6,9)",1839.318032,-0.01934942,1,37.2260
1313,"(-2,4,1,-1,6,9)",1839.318032,-0.01934942,1,37.2260
1314,"(-2,4,1,0,6,9)",1839.318032,-0.01934942,1,37.2260
1315,"(-2,4,1,1,6,9)",1839.318032,-0.01934942,1,37.2260
1316,"(-2,4,1,2,6,9)",1839.318032,-0.01934942,1,37.2260
1317,"(-2,4,2,-4,6,9)",1839.318032,-0.01934942,1,37.2260
1318,"(-2,4,2,-3,6,9)",1839.318032,-0.01934942,1,37.2260
1319,"(-2,4,2,-2,6,9)",1839.318032,-0.01934942,1,37.2260
1320,"(-2,4,2,-1,6,9)",1839.318032,-0.01934942,1,37.2260
1321,"(-2,4,2,0,6,9)",1839.318032,-0.01934942,1,37.2260
1322,"(-2,4,2,1,6,9)",1839.318032,-0.01934942,1,37.2260
1323,"(-2,4,2,2,6,9)",1839.318032,-0.01934942,1,37.2260
1324,"(4,3,-4,-4,3,14)",1839.054614,-0.01948987,0,37.4894
1325,"(4,3,-4,-3,3,14)",1839.054614,-0.01948987,0,37.4894
1326,"(4,3,-4,-2,3,14)",1839.054614,-0.01948987,0,37.4894
1327,"(4,3,-4,-1,3,14)",1839.054614,-0.01948987,0,37.4894
1328,"(4,3,-4,0,3,14)",1839.054614,-0.01948987,0,37.4894
1329,"(4,3,-4,1,3,14)",1839.054614,-0.01948987,0,37.4894
1330,"(4,3,-4,2,3,14)",1839.054614,-0.01948987,0,37.4894
1331,"(4,3,-3,-4,3,14)",1839.054614,-0.01948987,0,37.4894
1332,"(4,3,-3,-3,3,14)",1839.054614,-0.01948987,0,37.4894
1333,"(4,3,-3,-2,3,14)",1839.054614,-0.01948987,0,37.4894
1334,"(4,3,-3,-1,3,14)",1839.054614,-0.01948987,0,37.4894
1335,"(4,3,-3,0,3,14)",1839.054614,-0.01948987,0,37.4894
1336,"(4,3,-3,1,3,14)",1839.054614,-0.01948987,0,37.4894
1337,"(4,3,-3,2,3,14)",1839.054614,-0.01948987,0,37.4894
1338,"(4,3,-2,-4,3,14)",1839.054614,-0.01948987,0,37.4894
1339,"(4,3,-2,-3,3,14)",1839.054614,-0.01948987,0,37.4894
1340,"(4,3,-2,-2,3,14)",1839.054614,-0.01948987,0,37.4894
1341,"(4,3,-2,-1,3,14)",1839.054614,-0.01948987,0,37.4894
1342,"(4,3,-2,0,3,14)",1839.054614,-0.01948987,0,37.4894
1343,"(4,3,-2,1,3,14)",1839.054614,-0.01948987,0,37.4894
1344,"(4,3,-2,2,3,14)",1839.054614,-0.01948987,0,37.4894
1345,"(4,3,-1,-4,3,14)",1839.054614,-0.01948987,0,37.4894
1346,"(4,3,-1,-3,3,14)",1839.054614,-0.01948987,0,37.4894
1347,"(4,3,-1,-2,3,14)",1839.054614,-0.01948987,0,37.4894
1348,"(4,3,-1,-1,3,14)",1839.054614,-0.01948987,0,37.4894
1349,"(4,3,-1,0,3,14)",1839.054614,-0.01948987,0,37.4894
1350,"(4,3,-1,1,3,14)",1839.054614,-0.01948987,0,37.4894
1351,"(4,3,-1,2,3,14)",1839.054614,-0.01948987,0,37.4894
1352,"(4,3,0,-4,3,14)",1839.054614,-0.01948987,0,37.4894
1353,"(4,3,0,-3,3,14)",1839.054614,-0.01948987,0,37.4894
1354,"(4,3,0,-2,3,14)",1839.054614,-0.01948987,0,37.4894
1355,"(4,3,0,-1,3,14)",1839.054614,-0.01948987,0,37.4894
1356,"(4,3,0,0,3,14)",1839.054614,-0.01948987,0,37.4894
1357,"(4,3,0,1,3,14)",1839.054614,-0.01948987,0,37.4894
1358,"(4,3,0,2,3,14)",1839.054614,-0.01948987,0,37.4894
1359,"(4,3,1,-4,3,14)",1839.054614,-0.01948987,0,37.4894
1360,"(4,3,1,-3,3,14)",1839.054614,-0.01948987,0,37.4894
1361,"(4,3,1,-2,3,14)",1839.054614,-0.01948987,0,37.4894
1362,"(4,3,1,-1,3,14)",1839.054614,-0.01948987,0,37.4894
1363,"(4,3,1,0,3,14)",1839.054614,-0.01948987,0,37.4894
1364,"(4,3,1,1,3,14)",1839.054614,-0.01948987,0,37.4894
1365,"(4,3,1,2,3,14)",1839.054614,-0.01948987,0,37.4894
1366,"(4,3,2,-4,3,14)",1839.054614,-0.01948987,0,37.4894
1367,"(4,3,2,-3,3,14)",1839.054614,-0.01948987,0,37.4894
1368,"(4,3,2,-2,3,14)",1839.054614,-0.01948987,0,37.4894
1369,"(4,3,2,-1,3,14)",1839.054614,-0.01948987,0,37.4894
1370,"(4,3,2,0,3,14)",1839.054614,-0.01948987,0,37.4894
1371,"(4,3,2,1,3,14)",1839.054614,-0.01948987,0,37.4894
1372,"(4,3,2,2,3,14)",1839.054614,-0.01948987,0,37.4894
1373,"(3,1,-4,-4,3,14)",1838.929784,-0.01955642,0,37.6142
1374,"(3,1,-4,-3,3,14)",1838.929784,-0.01955642,0,37.6142
1375,"(3,1,-4,-2,3,14)",1838.929784,-0.01955642,0,37.6142
1376,"(3,1,-4,-1,3,14)",1838.929784,-0.01955642,0,37.6142
1377,"(3,1,-4,0,3,14)",1838.929784,-0.01955642,0,37.6142
1378,"(3,1,-4,1,3,14)",1838.929784,-0.01955642,0,37.6142
1379,"(3,1,-4,2,3,14)",1838.929784,-0.01955642,0,37.6142
1380,"(3,1,-3,-4,3,14)",1838.929784,-0.01955642,0,37.6142
1381,"(3,1,-3,-3,3,14)",1838.929784,-0.01955642,0,37.6142
1382,"(3,1,-3,-2,3,14)",1838.929784,-0.01955642,0,37.6142
1383,"(3,1,-3,-1,3,14)",1838.929784,-0.01955642,0,37.6142
1384,"(3,1,-3,0,3,14)",1838.929784,-0.01955642,0,37.6142
1385,"(3,1,-3,1,3,14)",1838.929784,-0.01955642,0,37.6142
1386,"(3,1,-3,2,3,14)",1838.929784,-0.01955642,0,37.6142
1387,"(3,1,-2,-4,3,14)",1838.929784,-0.01955642,0,37.6142
1388,"(3,1,-2,-3,3,14)",1838.929784,-0.01955642,0,37.6142
1389,"(3,1,-2,-2,3,14)",1838.929784,-0.01955642,0,37.6142
1390,"(3,1,-2,-1,3,14)",1838.929784,-0.01955642,0,37.6142
1391,"(3,1,-2,0,3,14)",1838.929784,-0.01955642,0,37.6142
1392,"(3,1,-2,1,3,14)",1838.929784,-0.01955642,0,37.6142
1393,"(3,1,-2,2,3,14)",1838.929784,-0.01955642,0,37.6142
1394,"(3,1,-1,-4,3,14)",1838.929784,-0.01955642,0,37.6142
1395,"(3,1,-1,-3,3,14)",1838.929784,-0.01955642,0,37.6142
1396,"(3,1,-1,-2,3,14)",1838.929784,-0.01955642,0,37.6142
1397,"(3,1,-1,-1,3,14)",1838.929784,-0.01955642,0,37.6142
1398,"(3,1,-1,0,3,14)",1838.929784,-0.01955642,0,37.6142
1399,"(3,1,-1,1,3,14)",1838.929784,-0.01955642,0,37.6142
1400,"(3,1,-1,2,3,14)",1838.929784,-0.01955642,0,37.6142
1401,"(3,1,0,-4,3,14)",1838.929784,-0.01955642,0,37.6142
1402,"(3,1,0,-3,3,14)",1838.929784,-0.01955642,0,37.6142
1403,"(3,1,0,-2,3,14)",1838.929784,-0.01955642,0,37.6142
1404,"(3,1,0,-1,3,14)",1838.929784,-0.01955642,0,37.6142
1405,"(3,1,0,0,3,14)",1838.929784,-0.01955642,0,37.6142
1406,"(3,1,0,1,3,14)",1838.929784,-0.01955642,0,37.6142
1407,"(3,1,0,2,3,14)",1838.929784,-0.01955642,0,37.6142
1408,"(3,1,1,-4,3,14)",1838.929784,-0.01955642,0,37.6142
1409,"(3,1,1,-3,3,14)",1838.929784,-0.01955642,0,37.6142
1410,"(3,1,1,-2,3,14)",1838.929784,-0.01955642,0,37.6142
1411,"(3,1,1,-1,3,14)",1838.929784,-0.01955642,0,37.6142
1412,"(3,1,1,0,3,14)",1838.929784,-0.01955642,0,37.6142
1413,"(3,1,1,1,3,14)",1838.929784,-0.01955642,0,37.6142
1414,"(3,1,1,2,3,14)",1838.929784,-0.01955642,0,37.6142
1415,"(3,1,2,-4,3,14)",1838.929784,-0.01955642,0,37.6142
1416,"(3,1,2,-3,3,14)",1838.929784,-0.01955642,0,37.6142
1417,"(3,1,2,-2,3,14)",1838.929784,-0.01955642,0,37.6142
1418,"(3,1,2,-1,3,14)",1838.929784,-0.01955642,0,37.6142
1419,"(3,1,2,0,3,14)",1838.929784,-0.01955642,0,37.6142
1420,"(3,1,2,1,3,14)",1838.929784,-0.01955642,0,37.6142
1421,"(3,1,2,2,3,14)",1838.929784,-0.01955642,0,37.6142
1422,"(-2,1,-4,-4,3,14)",1838.805087,-0.01962290,0,37.7389
1423,"(-2,1,-4,-3,3,14)",1838.805087,-0.01962290,0,37.7389
1424,"(-2,1,-4,-2,3,14)",1838.805087,-0.01962290,0,37.7389
1425,"(-2,1,-4,-1,3,14)",1838.805087,-0.01962290,0,37.7389
1426,"(-2,1,-4,0,3,14)",1838.805087,-0.01962290,0,37.7389
1427,"(-2,1,-4,1,3,14)",1838.805087,-0.01962290,0,37.7389
1428,"(-2,1,-4,2,3,14)",1838.805087,-0.01962290,0,37.7389
1429,"(-2,1,-3,-4,3,14)",1838.805087,-0.01962290,0,37.7389
1430,"(-2,1,-3,-3,3,14)",1838.805087,-0.01962290,0,37.7389
1431,"(-2,1,-3,-2,3,14)",1838.805087,-0.01962290,0,37.7389
1432,"(-2,1,-3,-1,3,14)",1838.805087,-0.01962290,0,37.7389
1433,"(-2,1,-3,0,3,14)",1838.805087,-0.01962290,0,37.7389
1434,"(-2,1,-3,1,3,14)",1838.805087,-0.01962290,0,37.7389
1435,"(-2,1,-3,2,3,14)",1838.805087,-0.01962290,0,37.7389
1436,"(-2,1,-2,-4,3,14)",1838.805087,-0.01962290,0,37.7389
1437,"(-2,1,-2,-3,3,14)",1838.805087,-0.01962290,0,37.7389
1438,"(-2,1,-2,-2,3,14)",1838.805087,-0.01962290,0,37.7389
1439,"(-2,1,-2,-1,3,14)",1838.805087,-0.01962290,0,37.7389
1440,"(-2,1,-2,0,3,14)",1838.805087,-0.01962290,0,37.7389
1441,"(-2,1,-2,1,3,14)",1838.805087,-0.01962290,0,37.7389
1442,"(-2,1,-2,2,3,14)",1838.805087,-0.01962290,0,37.7389
1443,"(-2,1,-1,-4,3,14)",1838.805087,-0.01962290,0,37.7389
1444,"(-2,1,-1,-3,3,14)",1838.805087,-0.01962290,0,37.7389
1445,"(-2,1,-1,-2,3,14)",1838.805087,-0.01962290,0,37.7389
1446,"(-2,1,-1,-1,3,14)",1838.805087,-0.01962290,0,37.7389
1447,"(-2,1,-1,0,3,14)",1838.805087,-0.01962290,0,37.7389
1448,"(-2,1,-1,1,3,14)",1838.805087,-0.01962290,0,37.7389
1449,"(-2,1,-1,2,3,14)",1838.805087,-0.01962290,0,37.7389
1450,"(-2,1,0,-4,3,14)",1838.805087,-0.01962290,0,37.7389
1451,"(-2,1,0,-3,3,14)",1838.805087,-0.01962290,0,37.7389
1452,"(-2,1,0,-2,3,14)",1838.805087,-0.01962290,0,37.7389
1453,"(-2,1,0,-1,3,14)",1838.805087,-0.01962290,0,37.7389
1454,"(-2,1,0,0,3,14)",1838.805087,-0.01962290,0,37.7389
1455,"(-2,1,0,1,3,14)",1838.805087,-0.01962290,0,37.7389
1456,"(-2,1,0,2,3,14)",1838.805087,-0.01962290,0,37.7389
1457,"(-2,1,1,-4,3,14)",1838.805087,-0.01962290,0,37.7389
1458,"(-2,1,1,-3,3,14)",1838.805087,-0.01962290,0,37.7389
1459,"(-2,1,1,-2,3,14)",1838.805087,-0.01962290,0,37.7389
1460,"(-2,1,1,-1,3,14)",1838.805087,-0.01962290,0,37.7389
1461,"(-2,1,1,0,3,14)",1838.805087,-0.01962290,0,37.7389
1462,"(-2,1,1,1,3,14)",1838.805087,-0.01962290,0,37.7389
1463,"(-2,1,1,2,3,14)",1838.805087,-0.01962290,0,37.7389
1464,"(-2,1,2,-4,3,14)",1838.805087,-0.01962290,0,37.7389
1465,"(-2,1,2,-3,3,14)",1838.805087,-0.01962290,0,37.7389
1466,"(-2,1,2,-2,3,14)",1838.805087,-0.01962290,0,37.7389
1467,"(-2,1,2,-1,3,14)",1838.805087,-0.01962290,0,37.7389
1468,"(-2,1,2,0,3,14)",1838.805087,-0.01962290,0,37.7389
1469,"(-2,1,2,1,3,14)",1838.805087,-0.01962290,0,37.7389
1470,"(-2,1,2,2,3,14)",1838.805087,-0.01962290,0,37.7389
1471,"(2,-1,-4,-4,3,14)",1838.805087,-0.01962290,0,37.7389
1472,"(2,-1,-4,-3,3,14)",1838.805087,-0.01962290,0,37.7389
1473,"(2,-1,-4,-2,3,14)",1838.805087,-0.01962290,0,37.7389
1474,"(2,-1,-4,-1,3,14)",1838.805087,-0.01962290,0,37.7389
1475,"(2,-1,-4,0,3,14)",1838.805087,-0.01962290,0,37.7389
1476,"(2,-1,-4,1,3,14)",1838.805087,-0.01962290,0,37.7389
1477,"(2,-1,-4,2,3,14)",1838.805087,-0.01962290,0,37.7389
1478,"(2,-1,-3,-4,3,14)",1838.805087,-0.01962290,0,37.7389
1479,"(2,-1,-3,-3,3,14)",1838.805087,-0.01962290,0,37.7389
1480,"(2,-1,-3,-2,3,14)",1838.805087,-0.01962290,0,37.7389
1481,"(2,-1,-3,-1,3,14)",1838.805087,-0.01962290,0,37.7389
1482,"(2,-1,-3,0,3,14)",1838.805087,-0.01962290,0,37.7389
1483,"(2,-1,-3,1,3,14)",1838.805087,-0.01962290,0,37.7389
1484,"(2,-1,-3,2,3,14)",1838.805087,-0.01962290,0,37.7389
1485,"(2,-1,-2,-4,3,14)",1838.805087,-0.01962290,0,37.7389
1486,"(2,-1,-2,-3,3,14)",1838.805087,-0.01962290,0,37.7389
1487,"(2,-1,-2,-2,3,14)",1838.805087,-0.01962290,0,37.7389
1488,"(2,-1,-2,-1,3,14)",1838.805087,-0.01962290,0,37.7389
1489,"(2,-1,-2,0,3,14)",1838.805087,-0.01962290,0,37.7389
1490,"(2,-1,-2,1,3,14)",1838.805087,-0.01962290,0,37.7389
1491,"(2,-1,-2,2,3,14)",1838.805087,-0.01962290,0,37.7389
1492,"(2,-1,-1,-4,3,14)",1838.805087,-0.01962290,0,37.7389
1493,"(2,-1,-1,-3,3,14)",1838.805087,-0.01962290,0,37.7389
1494,"(2,-1,-1,-2,3,14)",1838.805087,-0.01962290,0,37.7389
1495,"(2,-1,-1,-1,3,14)",1838.805087,-0.01962290,0,37.7389
1496,"(2,-1,-1,0,3,14)",1838.805087,-0.01962290,0,37.7389
1497,"(2,-1,-1,1,3,14)",1838.805087,-0.01962290,0,37.7389
1498,"(2,-1,-1,2,3,14)",1838.805087,-0.01962290,0,37.7389
1499,"(2,-1,0,-4,3,14)",1838.805087,-0.01962290,0,37.7389
1500,"(2,-1,0,-3,3,14)",1838.805087,-0.01962290,0,37.7389
1501,"(2,-1,0,-2,3,14)",1838.805087,-0.01962290,0,37.7389
1502,"(2,-1,0,-1,3,14)",1838.805087,-0.01962290,0,37.7389
1503,"(2,-1,0,0,3,14)",1838.805087,-0.01962290,0,37.7389
1504,"(2,-1,0,1,3,14)",1838.805087,-0.01962290,0,37.7389
1505,"(2,-1,0,2,3,14)",1838.805087,-0.01962290,0,37.7389
1506,"(2,-1,1,-4,3,14)",1838.805087,-0.01962290,0,37.7389
1507,"(2,-1,1,-3,3,14)",1838.805087,-0.01962290,0,37.7389
1508,"(2,-1,1,-2,3,14)",1838.805087,-0.01962290,0,37.7389
1509,"(2,-1,1,-1,3,14)",1838.805087,-0.01962290,0,37.7389
1510,"(2,-1,1,0,3,14)",1838.805087,-0.01962290,0,37.7389
1511,"(2,-1,1,1,3,14)",1838.805087,-0.01962290,0,37.7389
1512,"(2,-1,1,2,3,14)",1838.805087,-0.01962290,0,37.7389
1513,"(2,-1,2,-4,3,14)",1838.805087,-0.01962290,0,37.7389
1514,"(2,-1,2,-3,3,14)",1838.805087,-0.01962290,0,37.7389
1515,"(2,-1,2,-2,3,14)",1838.805087,-0.01962290,0,37.7389
1516,"(2,-1,2,-1,3,14)",1838.805087,-0.01962290,0,37.7389
1517,"(2,-1,2,0,3,14)",1838.805087,-0.01962290,0,37.7389
1518,"(2,-1,2,1,3,14)",1838.805087,-0.01962290,0,37.7389
1519,"(2,-1,2,2,3,14)",1838.805087,-0.01962290,0,37.7389
1520,"(-1,3,-4,-4,3,14)",1838.680525,-0.01968931,1,37.8635
1521,"(-1,3,-4,-3,3,14)",1838.680525,-0.01968931,1,37.8635
1522,"(-1,3,-4,-2,3,14)",1838.680525,-0.01968931,1,37.8635
1523,"(-1,3,-4,-1,3,14)",1838.680525,-0.01968931,1,37.8635
1524,"(-1,3,-4,0,3,14)",1838.680525,-0.01968931,1,37.8635
1525,"(-1,3,-4,1,3,14)",1838.680525,-0.01968931,1,37.8635
1526,"(-1,3,-4,2,3,14)",1838.680525,-0.01968931,1,37.8635
1527,"(-1,3,-3,-4,3,14)",1838.680525,-0.01968931,1,37.8635
1528,"(-1,3,-3,-3,3,14)",1838.680525,-0.01968931,1,37.8635
1529,"(-1,3,-3,-2,3,14)",1838.680525,-0.01968931,1,37.8635
1530,"(-1,3,-3,-1,3,14)",1838.680525,-0.01968931,1,37.8635
1531,"(-1,3,-3,0,3,14)",1838.680525,-0.01968931,1,37.8635
1532,"(-1,3,-3,1,3,14)",1838.680525,-0.01968931,1,37.8635
1533,"(-1,3,-3,2,3,14)",1838.680525,-0.01968931,1,37.8635
1534,"(-1,3,-2,-4,3,14)",1838.680525,-0.01968931,1,37.8635
1535,"(-1,3,-2,-3,3,14)",1838.680525,-0.01968931,1,37.8635
1536,"(-1,3,-2,-2,3,14)",1838.680525,-0.01968931,1,37.8635
1537,"(-1,3,-2,-1,3,14)",1838.680525,-0.01968931,1,37.8635
1538,"(-1,3,-2,0,3,14)",1838.680525,-0.01968931,1,37.8635
1539,"(-1,3,-2,1,3,14)",1838.680525,-0.01968931,1,37.8635
1540,"(-1,3,-2,2,3,14)",1838.680525,-0.01968931,1,37.8635
1541,"(-1,3,-1,-4,3,14)",1838.680525,-0.01968931,1,37.8635
1542,"(-1,3,-1,-3,3,14)",1838.680525,-0.01968931,1,37.8635
1543,"(-1,3,-1,-2,3,14)",1838.680525,-0.01968931,1,37.8635
1544,"(-1,3,-1,-1,3,14)",1838.680525,-0.01968931,1,37.8635
1545,"(-1,3,-1,0,3,14)",1838.680525,-0.01968931,1,37.8635
1546,"(-1,3,-1,1,3,14)",1838.680525,-0.01968931,1,37.8635
1547,"(-1,3,-1,2,3,14)",1838.680525,-0.01968931,1,37.8635
1548,"(-1,3,0,-4,3,14)",1838.680525,-0.01968931,1,37.8635
1549,"(-1,3,0,-3,3,14)",1838.680525,-0.01968931,1,37.8635
1550,"(-1,3,0,-2,3,14)",1838.680525,-0.01968931,1,37.8635
1551,"(-1,3,0,-1,3,14)",1838.680525,-0.01968931,1,37.8635
1552,"(-1,3,0,0,3,14)",1838.680525,-0.01968931,1,37.8635
1553,"(-1,3,0,1,3,14)",1838.680525,-0.01968931,1,37.8635
1554,"(-1,3,0,2,3,14)",1838.680525,-0.01968931,1,37.8635
1555,"(-1,3,1,-4,3,14)",1838.680525,-0.01968931,1,37.8635
1556,"(-1,3,1,-3,3,14)",1838.680525,-0.01968931,1,37.8635
1557,"(-1,3,1,-2,3,14)",1838.680525,-0.01968931,1,37.8635
1558,"(-1,3,1,-1,3,14)",1838.680525,-0.01968931,1,37.8635
1559,"(-1,3,1,0,3,14)",1838.680525,-0.01968931,1,37.8635
1560,"(-1,3,1,1,3,14)",1838.680525,-0.01968931,1,37.8635
1561,"(-1,3,1,2,3,14)",1838.680525,-0.01968931,1,37.8635
1562,"(-1,3,2,-4,3,14)",1838.680525,-0.01968931,1,37.8635
1563,"(-1,3,2,-3,3,14)",1838.680525,-0.01968931,1,37.8635
1564,"(-1,3,2,-2,3,14)",1838.680525,-0.01968931,1,37.8635
1565,"(-1,3,2,-1,3,14)",1838.680525,-0.01968931,1,37.8635
1566,"(-1,3,2,0,3,14)",1838.680525,-0.01968931,1,37.8635
1567,"(-1,3,2,1,3,14)",1838.680525,-0.01968931,1,37.8635
1568,"(-1,3,2,2,3,14)",1838.680525,-0.01968931,1,37.8635
1569,"(0,5,-4,-4,3,14)",1838.556096,-0.01975566,0,37.9879
1570,"(0,5,-4,-3,3,14)",1838.556096,-0.01975566,0,37.9879
1571,"(0,5,-4,-2,3,14)",1838.556096,-0.01975566,0,37.9879
1572,"(0,5,-4,-1,3,14)",1838.556096,-0.01975566,0,37.9879
1573,"(0,5,-4,0,3,14)",1838.556096,-0.01975566,0,37.9879
1574,"(0,5,-4,1,3,14)",1838.556096,-0.01975566,0,37.9879
1575,"(0,5,-4,2,3,14)",1838.556096,-0.01975566,0,37.9879
1576,"(0,5,-3,-4,3,14)",1838.556096,-0.01975566,0,37.9879
1577,"(0,5,-3,-3,3,14)",1838.556096,-0.01975566,0,37.9879
1578,"(0,5,-3,-2,3,14)",1838.556096,-0.01975566,0,37.9879
1579,"(0,5,-3,-1,3,14)",1838.556096,-0.01975566,0,37.9879
1580,"(0,5,-3,0,3,14)",1838.556096,-0.01975566,0,37.9879
1581,"(0,5,-3,1,3,14)",1838.556096,-0.01975566,0,37.9879
1582,"(0,5,-3,2,3,14)",1838.556096,-0.01975566,0,37.9879
1583,"(0,5,-2,-4,3,14)",1838.556096,-0.01975566,0,37.9879
1584,"(0,5,-2,-3,3,14)",1838.556096,-0.01975566,0,37.9879
1585,"(0,5,-2,-2,3,14)",1838.556096,-0.01975566,0,37.9879
1586,"(0,5,-2,-1,3,14)",1838.556096,-0.01975566,0,37.9879
1587,"(0,5,-2,0,3,14)",1838.556096,-0.01975566,0,37.9879
1588,"(0,5,-2,1,3,14)",1838.556096,-0.01975566,0,37.9879
1589,"(0,5,-2,2,3,14)",1838.556096,-0.01975566,0,37.9879
1590,"(0,5,-1,-4,3,14)",1838.556096,-0.01975566,0,37.9879
1591,"(0,5,-1,-3,3,14)",1838.556096,-0.01975566,0,37.9879
1592,"(0,5,-1,-2,3,14)",1838.556096,-0.01975566,0,37.9879
1593,"(0,5,-1,-1,3,14)",1838.556096,-0.01975566,0,37.9879
1594,"(0,5,-1,0,3,14)",1838.556096,-0.01975566,0,37.9879
1595,"(0,5,-1,1,3,14)",1838.556096,-0.01975566,0,37.9879
1596,"(0,5,-1,2,3,14)",1838.556096,-0.01975566,0,37.9879
1597,"(0,5,0,-4,3,14)",1838.556096,-0.01975566,0,37.9879
1598,"(0,5,0,-3,3,14)",1838.556096,-0.01975566,0,37.9879
1599,"(0,5,0,-2,3,14)",1838.556096,-0.01975566,0,37.9879
1600,"(0,5,0,-1,3,14)",1838.556096,-0.01975566,0,37.9879
1601,"(0,5,0,0,3,14)",1838.556096,-0.01975566,0,37.9879
1602,"(0,5,0,1,3,14)",1838.556096,-0.01975566,0,37.9879
1603,"(0,5,0,2,3,14)",1838.556096,-0.01975566,0,37.9879
1604,"(0,5,1,-4,3,14)",1838.556096,-0.01975566,0,37.9879
1605,"(0,5,1,-3,3,14)",1838.556096,-0.01975566,0,37.9879
1606,"(0,5,1,-2,3,14)",1838.556096,-0.01975566,0,37.9879
1607,"(0,5,1,-1,3,14)",1838.556096,-0.01975566,0,37.9879
1608,"(0,5,1,0,3,14)",1838.556096,-0.01975566,0,37.9879
1609,"(0,5,1,1,3,14)",1838.556096,-0.01975566,0,37.9879
1610,"(0,5,1,2,3,14)",1838.556096,-0.01975566,0,37.9879
1611,"(0,5,2,-4,3,14)",1838.556096,-0.01975566,0,37.9879
1612,"(0,5,2,-3,3,14)",1838.556096,-0.01975566,0,37.9879
1613,"(0,5,2,-2,3,14)",1838.556096,-0.01975566,0,37.9879
1614,"(0,5,2,-1,3,14)",1838.556096,-0.01975566,0,37.9879
1615,"(0,5,2,0,3,14)",1838.556096,-0.01975566,0,37.9879
1616,"(0,5,2,1,3,14)",1838.556096,-0.01975566,0,37.9879
1617,"(0,5,2,2,3,14)",1838.556096,-0.01975566,0,37.9879
