eps_e,s_e,fitness_q132,n_ghosts,n_dark,n_gap
250.0000,1.9500,1.0000,0,27,51
256.0438,1.9500,1.0000,0,27,51
262.2338,1.9500,1.0000,0,27,51
268.5734,1.9500,1.0000,0,27,51
275.0663,1.9500,1.0000,0,27,51
281.7161,1.9500,1.0000,0,27,51
288.5267,1.9500,1.0000,0,27,51
295.5019,1.9500,1.0000,0,27,51
302.6458,1.9500,1.0000,0,27,51
309.9624,1.9500,1.0000,0,27,51
317.4559,1.9500,1.0000,0,27,51
325.1305,1.9500,1.0000,0,27,51
332.9906,1.9500,1.0000,0,27,51
341.0408,1.9500,1.0000,0,27,51
349.2856,1.9500,1.0000,0,27,51
357.7297,1.9500,1.0000,0,27,51
366.3780,1.9500,1.0000,0,27,51
375.2353,1.9500,1.0000,0,27,51
384.3068,1.9500,1.0000,0,27,51
393.5975,1.9500,1.0000,0,27,51
403.1129,1.9500,1.0000,0,27,51
412.8583,1.9500,1.0000,0,27,51
422.8393,1.9500,1.0000,0,27,51
433.0616,1.9500,1.0000,0,27,51
443.5310,1.9500,1.0000,0,27,51
454.2536,1.9500,1.0000,0,27,51
465.2353,1.9500,1.0000,0,27,51
476.4826,1.9500,1.0000,0,27,51
488.0017,1.9500,1.0000,0,27,51
499.7993,1.9500,1.0000,0,27,51
511.8822,1.9500,1.0000,0,27,51
524.2571,1.9500,1.0000,0,27,51
536.9313,1.9500,1.0000,0,27,51
549.9118,1.9500,1.0000,0,27,51
563.2061,1.9500,1.0000,0,27,51
576.8218,1.9500,1.0000,0,27,51
590.7667,1.9500,1.0000,0,27,51
605.0487,1.9500,1.0000,0,27,51
619.6760,1.9500,1.0000,0,27,51
634.6569,1.9500,1.0000,0,27,51
650.0000,1.9500,1.0000,0,27,51
250.0000,1.9520,1.9634,0,27,50
256.0438,1.9520,1.9715,0,27,50
262.2338,1.9520,1.9791,0,27,50
268.5734,1.9520,1.9865,0,27,50
275.0663,1.9520,1.9934,0,27,50
281.7161,1.9520,1.9999,0,27,50
288.5267,1.9520,1.9936,0,27,50
295.5019,1.9520,1.9875,0,27,50
302.6458,1.9520,1.9817,0,27,50
309.9624,1.9520,1.9762,0,27,50
317.4559,1.9520,1.9710,0,27,50
325.1305,1.9520,1.9660,0,27,50
332.9906,1.9520,1.9612,0,27,50
341.0408,1.9520,1.9567,0,27,50
349.2856,1.9520,1.9523,0,27,50
357.7297,1.9520,1.9482,0,27,50
366.3780,1.9520,1.9442,0,27,50
375.2353,1.9520,1.9405,0,27,50
384.3068,1.9520,1.9369,0,27,50
393.5975,1.9520,1.9335,0,27,50
403.1129,1.9520,1.9302,0,27,50
412.8583,1.9520,1.9271,0,27,50
422.8393,1.9520,1.9241,0,27,50
433.0616,1.9520,1.9213,0,27,50
443.5310,1.9520,1.9186,0,27,50
454.2536,1.9520,1.9160,0,27,50
465.2353,1.9520,1.9136,0,27,50
476.4826,1.9520,1.9112,0,27,50
488.0017,1.9520,1.9090,0,27,50
499.7993,1.9520,1.9069,0,27,50
511.8822,1.9520,1.9048,0,27,50
524.2571,1.9520,1.9029,0,27,50
536.9313,1.9520,1.9011,0,27,50
549.9118,1.9520,1.8993,0,27,50
563.2061,1.9520,1.8976,0,27,50
576.8218,1.9520,1.8960,0,27,50
590.7667,1.9520,1.8945,0,27,50
605.0487,1.9520,1.8931,0,27,50
619.6760,1.9520,1.8917,0,27,50
634.6569,1.9520,1.8904,0,27,50
650.0000,1.9520,1.8891,0,27,50
250.0000,1.9540,1.0000,0,28,51
256.0438,1.9540,1.0000,0,28,51
262.2338,1.9540,1.0000,0,28,51
268.5734,1.9540,1.0000,0,28,51
275.0663,1.9540,1.0000,0,28,51
281.7161,1.9540,1.0000,0,28,51
288.5267,1.9540,1.0000,0,28,51
295.5019,1.9540,1.0000,0,28,51
302.6458,1.9540,1.0000,0,28,51
309.9624,1.9540,1.0000,0,28,51
317.4559,1.9540,1.0000,0,28,51
325.1305,1.9540,1.0000,0,28,51
332.9906,1.9540,1.0000,0,28,51
341.0408,1.9540,1.0000,0,28,51
349.2856,1.9540,1.0000,0,28,51
357.7297,1.9540,1.0000,0,28,51
366.3780,1.9540,1.0000,0,28,51
375.2353,1.9540,1.0000,0,28,51
384.3068,1.9540,1.0000,0,28,51
393.5975,1.9540,1.0000,0,28,51
403.1129,1.9540,1.0000,0,28,51
412.8583,1.9540,1.0000,0,28,51
422.8393,1.9540,1.0000,0,28,51
433.0616,1.9540,1.0000,0,28,51
443.5310,1.9540,1.0000,0,28,51
454.2536,1.9540,1.0000,0,28,51
465.2353,1.9540,1.0000,0,28,51
476.4826,1.9540,1.0000,0,28,51
488.0017,1.9540,1.0000,0,28,51
499.7993,1.9540,1.0000,0,28,51
511.8822,1.9540,1.0000,0,28,51
524.2571,1.9540,1.0000,0,28,51
536.9313,1.9540,1.0000,0,28,51
549.9118,1.9540,1.0000,0,28,51
563.2061,1.9540,1.0000,0,28,51
576.8218,1.9540,1.0000,0,28,51
590.7667,1.9540,1.0000,0,28,51
605.0487,1.9540,1.0000,0,28,51
619.6760,1.9540,1.0000,0,28,51
634.6569,1.9540,1.0000,0,28,51
650.0000,1.9540,1.0000,0,28,51
250.0000,1.9560,1.5002,0,28,51
256.0438,1.9560,1.5096,0,28,51
262.2338,1.9560,1.5187,0,28,51
268.5734,1.9560,1.5273,0,28,51
275.0663,1.9560,1.5355,0,28,51
281.7161,1.9560,1.5433,0,28,51
288.5267,1.9560,1.5508,0,28,51
295.5019,1.9560,1.5579,0,28,51
302.6458,1.9560,1.5647,0,28,51
309.9624,1.9560,1.5712,0,28,51
317.4559,1.9560,1.5774,0,28,51
325.1305,1.9560,1.5833,0,28,51
332.9906,1.9560,1.5889,0,28,51
341.0408,1.9560,1.5943,0,28,51
349.2856,1.9560,1.5994,0,28,51
357.7297,1.9560,1.6043,0,28,51
366.3780,1.9560,1.6089,0,28,51
375.2353,1.9560,1.6134,0,28,51
384.3068,1.9560,1.6176,0,28,51
393.5975,1.9560,1.6216,0,28,51
403.1129,1.9560,1.6255,0,28,51
412.8583,1.9560,1.6291,0,28,51
422.8393,1.9560,1.6326,0,28,51
433.0616,1.9560,1.6360,0,28,51
443.5310,1.9560,1.6392,0,28,51
454.2536,1.9560,1.6422,0,28,51
465.2353,1.9560,1.6451,0,28,51
476.4826,1.9560,1.6478,0,28,51
488.0017,1.9560,1.6505,0,28,51
499.7993,1.9560,1.6530,0,28,51
511.8822,1.9560,1.6554,0,28,51
524.2571,1.9560,1.6576,0,28,51
536.9313,1.9560,1.6598,0,28,51
549.9118,1.9560,1.6619,0,28,51
563.2061,1.9560,1.6639,0,28,51
576.8218,1.9560,1.6657,0,28,51
590.7667,1.9560,1.6675,0,28,51
605.0487,1.9560,1.6693,0,28,51
619.6760,1.9560,1.6709,0,28,51
634.6569,1.9560,1.6724,0,28,51
650.0000,1.9560,1.6739,0,28,51
250.0000,1.9580,1.0000,0,28,51
256.0438,1.9580,1.0000,0,28,51
262.2338,1.9580,1.0000,0,28,51
268.5734,1.9580,1.0000,0,28,51
275.0663,1.9580,1.0000,0,28,51
281.7161,1.9580,1.0000,0,28,51
288.5267,1.9580,1.0000,0,28,51
295.5019,1.9580,1.0000,0,28,51
302.6458,1.9580,1.0000,0,28,51
309.9624,1.9580,1.0000,0,28,51
317.4559,1.9580,1.0000,0,28,51
325.1305,1.9580,1.0000,0,28,51
332.9906,1.9580,1.0000,0,28,51
341.0408,1.9580,1.0000,0,28,51
349.2856,1.9580,1.0000,0,28,51
357.7297,1.9580,1.0000,0,28,51
366.3780,1.9580,1.0000,0,28,51
375.2353,1.9580,1.0000,0,28,51
384.3068,1.9580,1.0000,0,28,51
393.5975,1.9580,1.0000,0,28,51
403.1129,1.9580,1.0000,0,28,51
412.8583,1.9580,1.0000,0,28,51
422.8393,1.9580,1.0000,0,28,51
433.0616,1.9580,1.0000,0,28,51
443.5310,1.9580,1.0000,0,28,51
454.2536,1.9580,1.0000,0,28,51
465.2353,1.9580,1.0000,0,28,51
476.4826,1.9580,1.0000,0,28,51
488.0017,1.9580,1.0000,0,28,51
499.7993,1.9580,1.0000,0,28,51
511.8822,1.9580,1.0000,0,28,51
524.2571,1.9580,1.0000,0,28,51
536.9313,1.9580,1.0000,0,28,51
549.9118,1.9580,1.0000,0,28,51
563.2061,1.9580,1.0000,0,28,51
576.8218,1.9580,1.0000,0,28,51
590.7667,1.9580,1.0000,0,28,51
605.0487,1.9580,1.0000,0,28,51
619.6760,1.9580,1.0000,0,28,51
634.6569,1.9580,1.0000,0,28,51
650.0000,1.9580,1.0000,0,28,51
250.0000,1.9600,1.0000,0,28,53
256.0438,1.9600,1.0000,0,28,53
262.2338,1.9600,1.0000,0,28,53
268.5734,1.9600,1.0000,0,28,53
275.0663,1.9600,1.0000,0,28,53
281.7161,1.9600,1.0000,0,28,53
288.5267,1.9600,1.0000,0,28,53
295.5019,1.9600,1.0000,0,28,53
302.6458,1.9600,1.0000,0,28,53
309.9624,1.9600,1.0000,0,28,53
317.4559,1.9600,1.0000,0,28,53
325.1305,1.9600,1.0000,0,28,53
332.9906,1.9600,1.0000,0,28,53
341.0408,1.9600,1.0000,0,28,53
349.2856,1.9600,1.0000,0,28,53
357.7297,1.9600,1.0000,0,28,53
366.3780,1.9600,1.0000,0,28,53
375.2353,1.9600,1.0000,0,28,53
384.3068,1.9600,1.0000,0,28,53
393.5975,1.9600,1.0000,0,28,53
403.1129,1.9600,1.0000,0,28,53
412.8583,1.9600,1.0000,0,28,53
422.8393,1.9600,1.0000,0,28,53
433.0616,1.9600,1.0000,0,28,53
443.5310,1.9600,1.0000,0,28,53
454.2536,1.9600,1.0000,0,28,53
465.2353,1.9600,1.0000,0,28,53
476.4826,1.9600,1.0000,0,28,53
488.0017,1.9600,1.0000,0,28,53
499.7993,1.9600,1.0000,0,28,53
511.8822,1.9600,1.0000,0,28,53
524.2571,1.9600,1.0000,0,28,53
536.9313,1.9600,1.0000,0,28,53
549.9118,1.9600,1.0000,0,28,53
563.2061,1.9600,1.0000,0,28,53
576.8218,1.9600,1.0000,0,28,53
590.7667,1.9600,1.0000,0,28,53
605.0487,1.9600,1.0000,0,28,53
619.6760,1.9600,1.0000,0,28,53
634.6569,1.9600,1.0000,0,28,53
650.0000,1.9600,1.0000,0,28,53
250.0000,1.9620,1.6115,0,28,52
256.0438,1.9620,1.5986,0,28,52
262.2338,1.9620,1.5863,0,28,52
268.5734,1.9620,1.5745,0,28,52
275.0663,1.9620,1.5634,0,28,52
281.7161,1.9620,1.5527,0,28,52
288.5267,1.9620,1.5425,0,28,52
295.5019,1.9620,1.5328,0,28,51
302.6458,1.9620,1.5235,0,28,51
309.9624,1.9620,1.5147,0,28,51
317.4559,1.9620,1.5063,0,28,51
325.1305,1.9620,1.4982,0,28,51
332.9906,1.9620,1.4905,0,28,51
341.0408,1.9620,1.4832,0,28,51
349.2856,1.9620,1.4763,0,28,52
357.7297,1.9620,1.4696,0,28,52
366.3780,1.9620,1.4633,0,28,52
375.2353,1.9620,1.4572,0,28,52
384.3068,1.9620,1.4514,0,28,52
393.5975,1.9620,1.4459,0,28,52
403.1129,1.9620,1.4407,0,28,52
412.8583,1.9620,1.4357,0,28,52
422.8393,1.9620,1.4309,0,28,52
433.0616,1.9620,1.4264,0,28,52
443.5310,1.9620,1.4220,0,28,52
454.2536,1.9620,1.4179,0,28,52
465.2353,1.9620,1.4139,0,28,52
476.4826,1.9620,1.4102,0,28,52
488.0017,1.9620,1.4066,0,28,52
499.7993,1.9620,1.4032,0,28,52
511.8822,1.9620,1.3999,0,28,52
524.2571,1.9620,1.3968,0,28,52
536.9313,1.9620,1.3938,0,28,52
549.9118,1.9620,1.3910,0,28,52
563.2061,1.9620,1.3883,0,28,52
576.8218,1.9620,1.3857,0,28,52
590.7667,1.9620,1.3833,0,28,52
605.0487,1.9620,1.3809,0,28,52
619.6760,1.9620,1.3787,0,28,52
634.6569,1.9620,1.3766,0,28,52
650.0000,1.9620,1.3745,0,28,52
250.0000,1.9640,1.0000,0,29,53
256.0438,1.9640,1.0000,0,29,53
262.2338,1.9640,1.0000,0,29,53
268.5734,1.9640,1.0000,0,29,53
275.0663,1.9640,1.0000,0,29,53
281.7161,1.9640,1.0000,0,29,53
288.5267,1.9640,1.0000,0,29,53
295.5019,1.9640,1.0000,0,29,53
302.6458,1.9640,1.0000,0,29,53
309.9624,1.9640,1.0000,0,29,53
317.4559,1.9640,1.0000,0,29,53
325.1305,1.9640,1.0000,0,29,53
332.9906,1.9640,1.0000,0,29,53
341.0408,1.9640,1.0000,0,29,53
349.2856,1.9640,1.0000,0,29,53
357.7297,1.9640,1.0000,0,29,53
366.3780,1.9640,1.0000,0,29,53
375.2353,1.9640,1.0000,0,29,53
384.3068,1.9640,1.0000,0,29,53
393.5975,1.9640,1.0000,0,29,53
403.1129,1.9640,1.0000,0,29,53
412.8583,1.9640,1.0000,0,29,53
422.8393,1.9640,1.0000,0,29,53
433.0616,1.9640,1.0000,0,29,53
443.5310,1.9640,1.0000,0,29,53
454.2536,1.9640,1.0000,0,29,53
465.2353,1.9640,1.0000,0,29,53
476.4826,1.9640,1.0000,0,29,53
488.0017,1.9640,1.0000,0,29,53
499.7993,1.9640,1.0000,0,29,53
511.8822,1.9640,1.0000,0,29,53
524.2571,1.9640,1.0000,0,29,53
536.9313,1.9640,1.0000,0,29,53
549.9118,1.9640,1.0000,0,29,53
563.2061,1.9640,1.0000,0,29,53
576.8218,1.9640,1.0000,0,29,53
590.7667,1.9640,1.0000,0,29,53
605.0487,1.9640,1.0000,0,29,53
619.6760,1.9640,1.0000,0,29,53
634.6569,1.9640,1.0000,0,29,53
650.0000,1.9640,1.0000,0,29,53
250.0000,1.9660,1.6849,0,28,53
256.0438,1.9660,1.7007,0,28,53
262.2338,1.9660,1.7159,0,28,53
268.5734,1.9660,1.7303,0,28,53
275.0663,1.9660,1.7440,0,28,52
281.7161,1.9660,1.7571,0,28,52
288.5267,1.9660,1.7697,0,28,52
295.5019,1.9660,1.7816,0,28,52
302.6458,1.9660,1.7930,0,28,52
309.9624,1.9660,1.8039,0,28,52
317.4559,1.9660,1.8142,0,28,52
325.1305,1.9660,1.8241,0,28,52
332.9906,1.9660,1.8336,0,28,52
341.0408,1.9660,1.8426,0,28,52
349.2856,1.9660,1.8511,0,28,52
357.7297,1.9660,1.8593,0,28,52
366.3780,1.9660,1.8671,0,28,52
375.2353,1.9660,1.8746,0,28,52
384.3068,1.9660,1.8817,0,28,52
393.5975,1.9660,1.8885,0,28,52
403.1129,1.9660,1.8949,0,28,52
412.8583,1.9660,1.9011,0,28,52
422.8393,1.9660,1.9070,0,28,52
433.0616,1.9660,1.9126,0,28,52
443.5310,1.9660,1.9179,0,28,52
454.2536,1.9660,1.9230,0,28,52
465.2353,1.9660,1.9279,0,28,52
476.4826,1.9660,1.9325,0,28,52
488.0017,1.9660,1.9370,0,28,52
499.7993,1.9660,1.9412,0,28,52
511.8822,1.9660,1.9452,0,28,52
524.2571,1.9660,1.9490,0,28,52
536.9313,1.9660,1.9527,0,28,52
549.9118,1.9660,1.9562,0,28,52
563.2061,1.9660,1.9595,0,28,52
576.8218,1.9660,1.9627,0,28,52
590.7667,1.9660,1.9657,0,28,52
605.0487,1.9660,1.9686,0,28,52
619.6760,1.9660,1.9713,0,28,52
634.6569,1.9660,1.9739,0,28,52
650.0000,1.9660,1.9764,0,28,52
250.0000,1.9680,1.0000,0,29,52
256.0438,1.9680,1.0000,0,29,52
262.2338,1.9680,1.0000,0,29,52
268.5734,1.9680,1.0000,0,29,53
275.0663,1.9680,1.0000,0,29,53
281.7161,1.9680,1.0000,0,29,53
288.5267,1.9680,1.0000,0,29,53
295.5019,1.9680,1.0000,0,29,53
302.6458,1.9680,1.0000,0,29,53
309.9624,1.9680,1.0000,0,29,53
317.4559,1.9680,1.0000,0,29,53
325.1305,1.9680,1.0000,0,29,53
332.9906,1.9680,1.0000,0,29,53
341.0408,1.9680,1.0000,0,29,53
349.2856,1.9680,1.0000,0,29,53
357.7297,1.9680,1.0000,0,29,53
366.3780,1.9680,1.0000,0,29,53
375.2353,1.9680,1.0000,0,29,53
384.3068,1.9680,1.0000,0,29,53
393.5975,1.9680,1.0000,0,29,53
403.1129,1.9680,1.0000,0,29,53
412.8583,1.9680,1.0000,0,29,53
422.8393,1.9680,1.0000,0,29,53
433.0616,1.9680,1.0000,0,29,53
443.5310,1.9680,1.0000,0,29,53
454.2536,1.9680,1.0000,0,29,53
465.2353,1.9680,1.0000,0,29,53
476.4826,1.9680,1.0000,0,29,53
488.0017,1.9680,1.0000,0,29,53
499.7993,1.9680,1.0000,0,29,53
511.8822,1.9680,1.0000,0,29,53
524.2571,1.9680,1.0000,0,29,53
536.9313,1.9680,1.0000,0,29,53
549.9118,1.9680,1.0000,0,29,53
563.2061,1.9680,1.0000,0,29,53
576.8218,1.9680,1.0000,0,29,53
590.7667,1.9680,1.0000,0,29,53
605.0487,1.9680,1.0000,0,29,53
619.6760,1.9680,1.0000,0,29,53
634.6569,1.9680,1.0000,0,29,53
650.0000,1.9680,1.0000,0,29,53
250.0000,1.9700,1.0000,0,26,54
256.0438,1.9700,1.0000,0,26,54
262.2338,1.9700,1.0000,0,26,54
268.5734,1.9700,1.0000,0,26,54
275.0663,1.9700,1.0000,0,26,54
281.7161,1.9700,1.0000,0,26,54
288.5267,1.9700,1.0000,0,27,54
295.5019,1.9700,1.0000,0,27,54
302.6458,1.9700,1.0000,0,27,54
309.9624,1.9700,1.0000,0,27,54
317.4559,1.9700,1.0000,0,27,54
325.1305,1.9700,1.0000,0,27,54
332.9906,1.9700,1.0000,0,27,54
341.0408,1.9700,1.0000,0,27,54
349.2856,1.9700,1.0000,0,27,54
357.7297,1.9700,1.0000,0,27,54
366.3780,1.9700,1.0000,0,27,54
375.2353,1.9700,1.0000,0,27,54
384.3068,1.9700,1.0000,0,27,54
393.5975,1.9700,1.0000,0,27,54
403.1129,1.9700,1.0000,0,27,54
412.8583,1.9700,1.0000,0,27,54
422.8393,1.9700,1.0000,0,27,54
433.0616,1.9700,1.0000,0,27,54
443.5310,1.9700,1.0000,0,27,54
454.2536,1.9700,1.0000,0,27,54
465.2353,1.9700,1.0000,0,27,54
476.4826,1.9700,1.0000,0,27,54
488.0017,1.9700,1.0000,0,27,54
499.7993,1.9700,1.0000,0,27,54
511.8822,1.9700,1.0000,0,27,54
524.2571,1.9700,1.0000,0,27,54
536.9313,1.9700,1.0000,0,27,54
549.9118,1.9700,1.0000,0,27,54
563.2061,1.9700,1.0000,0,27,54
576.8218,1.9700,1.0000,0,27,54
590.7667,1.9700,1.0000,0,27,54
605.0487,1.9700,1.0000,0,27,54
619.6760,1.9700,1.0000,0,27,54
634.6569,1.9700,1.0000,0,27,54
650.0000,1.9700,1.0000,0,27,54
250.0000,1.9720,1.0000,0,26,53
256.0438,1.9720,1.0000,0,26,53
262.2338,1.9720,1.0000,0,26,53
268.5734,1.9720,1.0000,0,26,53
275.0663,1.9720,1.0000,0,26,53
281.7161,1.9720,1.0000,0,26,53
288.5267,1.9720,1.0000,0,26,53
295.5019,1.9720,1.0000,0,26,53
302.6458,1.9720,1.0000,0,26,53
309.9624,1.9720,1.0000,0,27,53
317.4559,1.9720,1.0000,0,27,53
325.1305,1.9720,1.0000,0,27,53
332.9906,1.9720,1.0000,0,27,53
341.0408,1.9720,1.0000,0,27,53
349.2856,1.9720,1.0000,0,27,53
357.7297,1.9720,1.0000,0,27,53
366.3780,1.9720,1.0000,0,27,53
375.2353,1.9720,1.0000,0,27,53
384.3068,1.9720,1.0000,0,27,53
393.5975,1.9720,1.0000,0,27,53
403.1129,1.9720,1.0000,0,27,53
412.8583,1.9720,1.0000,0,27,53
422.8393,1.9720,1.0000,0,27,53
433.0616,1.9720,1.0000,0,27,53
443.5310,1.9720,1.0000,0,27,53
454.2536,1.9720,1.0000,0,27,53
465.2353,1.9720,1.0000,0,27,53
476.4826,1.9720,1.0000,0,27,53
488.0017,1.9720,1.0000,0,27,53
499.7993,1.9720,1.0000,0,27,53
511.8822,1.9720,1.0000,0,27,53
524.2571,1.9720,1.0000,0,27,53
536.9313,1.9720,1.0000,0,27,53
549.9118,1.9720,1.0000,0,27,53
563.2061,1.9720,1.0000,0,27,53
576.8218,1.9720,1.0000,0,27,53
590.7667,1.9720,1.0000,0,27,53
605.0487,1.9720,1.0000,0,27,53
619.6760,1.9720,1.0000,0,27,53
634.6569,1.9720,1.0000,0,27,53
650.0000,1.9720,1.0000,0,27,53
250.0000,1.9740,1.0000,0,27,53
256.0438,1.9740,1.0000,0,27,53
262.2338,1.9740,1.0000,0,27,53
268.5734,1.9740,1.0000,0,27,53
275.0663,1.9740,1.0000,0,27,53
281.7161,1.9740,1.0000,0,27,53
288.5267,1.9740,1.0000,0,27,53
295.5019,1.9740,1.0000,0,27,53
302.6458,1.9740,1.0000,0,27,53
309.9624,1.9740,1.0000,0,27,53
317.4559,1.9740,1.0000,0,26,53
325.1305,1.9740,1.0000,0,26,53
332.9906,1.9740,1.0000,0,27,53
341.0408,1.9740,1.0000,0,27,53
349.2856,1.9740,1.0000,0,27,53
357.7297,1.9740,1.0000,0,27,53
366.3780,1.9740,1.0000,0,27,53
375.2353,1.9740,1.0000,0,27,53
384.3068,1.9740,1.0000,0,27,53
393.5975,1.9740,1.0000,0,27,53
403.1129,1.9740,1.0000,0,27,53
412.8583,1.9740,1.0000,0,27,53
422.8393,1.9740,1.0000,0,27,53
433.0616,1.9740,1.0000,0,27,53
443.5310,1.9740,1.0000,0,27,53
454.2536,1.9740,1.0000,0,27,53
465.2353,1.9740,1.0000,0,27,53
476.4826,1.9740,1.0000,0,27,53
488.0017,1.9740,1.0000,0,27,53
499.7993,1.9740,1.0000,0,27,53
511.8822,1.9740,1.0000,0,27,53
524.2571,1.9740,1.0000,0,27,53
536.9313,1.9740,1.0000,0,27,53
549.9118,1.9740,1.0000,0,27,53
563.2061,1.9740,1.0000,0,27,53
576.8218,1.9740,1.0000,0,27,53
590.7667,1.9740,1.0000,0,27,53
605.0487,1.9740,1.0000,0,27,53
619.6760,1.9740,1.0000,0,27,53
634.6569,1.9740,1.0000,0,27,53
650.0000,1.9740,1.0000,0,27,53
250.0000,1.9760,1.9315,0,27,52
256.0438,1.9760,1.9630,0,27,52
262.2338,1.9760,1.9931,0,27,52
268.5734,1.9760,1.9781,0,27,52
275.0663,1.9760,1.9507,0,27,52
281.7161,1.9760,1.9245,0,27,51
288.5267,1.9760,1.8994,0,27,51
295.5019,1.9760,1.8756,0,27,51
302.6458,1.9760,1.8527,0,27,51
309.9624,1.9760,1.8310,0,27,51
317.4559,1.9760,1.8102,0,27,51
325.1305,1.9760,1.7904,0,27,51
332.9906,1.9760,1.7714,0,27,51
341.0408,1.9760,1.7666,0,27,51
349.2856,1.9760,1.7837,0,27,51
357.7297,1.9760,1.8000,0,28,51
366.3780,1.9760,1.8155,0,28,51
375.2353,1.9760,1.8304,0,28,51
384.3068,1.9760,1.8445,0,28,51
393.5975,1.9760,1.8580,0,28,51
403.1129,1.9760,1.8709,0,28,51
412.8583,1.9760,1.8832,0,28,51
422.8393,1.9760,1.8950,0,28,51
433.0616,1.9760,1.9062,0,28,51
443.5310,1.9760,1.9168,0,28,51
454.2536,1.9760,1.9270,0,27,51
465.2353,1.9760,1.9368,0,27,51
476.4826,1.9760,1.9460,0,27,51
488.0017,1.9760,1.9549,0,27,51
499.7993,1.9760,1.9633,0,27,51
511.8822,1.9760,1.9713,0,27,51
524.2571,1.9760,1.9790,0,27,51
536.9313,1.9760,1.9863,0,27,51
549.9118,1.9760,1.9933,0,27,51
563.2061,1.9760,2.0000,0,27,51
576.8218,1.9760,1.9937,0,27,51
590.7667,1.9760,1.9876,0,27,51
605.0487,1.9760,1.9818,0,27,51
619.6760,1.9760,1.9763,0,27,51
634.6569,1.9760,1.9711,0,27,51
650.0000,1.9760,1.9661,0,27,51
250.0000,1.9780,1.0000,0,28,55
256.0438,1.9780,1.0000,0,28,56
262.2338,1.9780,1.0000,0,28,56
268.5734,1.9780,1.0000,0,28,56
275.0663,1.9780,1.0000,0,28,57
281.7161,1.9780,1.0000,0,28,57
288.5267,1.9780,1.0000,0,28,57
295.5019,1.9780,1.0000,0,28,57
302.6458,1.9780,1.0000,0,28,57
309.9624,1.9780,1.0000,0,28,57
317.4559,1.9780,1.0000,0,28,57
325.1305,1.9780,1.0000,0,28,57
332.9906,1.9780,1.0000,0,28,57
341.0408,1.9780,1.0000,0,28,56
349.2856,1.9780,1.0000,0,28,56
357.7297,1.9780,1.0000,0,28,56
366.3780,1.9780,1.0000,0,28,56
375.2353,1.9780,1.0000,0,28,56
384.3068,1.9780,1.0000,0,28,55
393.5975,1.9780,1.0000,0,29,55
403.1129,1.9780,1.0000,0,29,55
412.8583,1.9780,1.0000,0,29,55
422.8393,1.9780,1.0000,0,29,55
433.0616,1.9780,1.0000,0,29,55
443.5310,1.9780,1.0000,0,29,55
454.2536,1.9780,1.0000,0,29,55
465.2353,1.9780,1.0000,0,29,55
476.4826,1.9780,1.0000,0,29,55
488.0017,1.9780,1.0000,0,29,55
499.7993,1.9780,1.0000,0,29,55
511.8822,1.9780,1.0000,0,29,55
524.2571,1.9780,1.0000,0,29,55
536.9313,1.9780,1.0000,0,29,55
549.9118,1.9780,1.0000,0,29,55
563.2061,1.9780,1.0000,0,29,55
576.8218,1.9780,1.0000,0,29,55
590.7667,1.9780,1.0000,0,29,55
605.0487,1.9780,1.0000,0,29,55
619.6760,1.9780,1.0000,0,29,55
634.6569,1.9780,1.0000,0,29,55
650.0000,1.9780,1.0000,0,29,55
250.0000,1.9800,1.0000,0,27,53
256.0438,1.9800,1.0000,0,27,53
262.2338,1.9800,1.0000,0,27,53
268.5734,1.9800,1.0000,0,27,53
275.0663,1.9800,1.0000,0,27,53
281.7161,1.9800,1.0000,0,27,54
288.5267,1.9800,1.0000,0,27,54
295.5019,1.9800,1.0000,0,27,54
302.6458,1.9800,1.0000,0,27,55
309.9624,1.9800,1.0000,0,27,55
317.4559,1.9800,1.0000,0,27,55
325.1305,1.9800,1.0000,0,27,55
332.9906,1.9800,1.0000,0,27,55
341.0408,1.9800,1.0000,0,27,55
349.2856,1.9800,1.0000,0,27,55
357.7297,1.9800,1.0000,0,27,55
366.3780,1.9800,1.0000,0,27,55
375.2353,1.9800,1.0000,0,27,55
384.3068,1.9800,1.0000,0,26,55
393.5975,1.9800,1.0000,0,26,55
403.1129,1.9800,1.0000,0,26,55
412.8583,1.9800,1.0000,0,26,55
422.8393,1.9800,1.0000,0,26,55
433.0616,1.9800,1.0000,0,27,55
443.5310,1.9800,1.0000,0,27,55
454.2536,1.9800,1.0000,0,27,55
465.2353,1.9800,1.0000,0,28,55
476.4826,1.9800,1.0000,0,28,55
488.0017,1.9800,1.0000,0,28,55
499.7993,1.9800,1.0000,0,28,55
511.8822,1.9800,1.0000,0,28,55
524.2571,1.9800,1.0000,0,28,55
536.9313,1.9800,1.0000,0,28,54
549.9118,1.9800,1.0000,0,28,54
563.2061,1.9800,1.0000,0,28,54
576.8218,1.9800,1.0000,0,28,54
590.7667,1.9800,1.0000,0,28,54
605.0487,1.9800,1.0000,0,28,54
619.6760,1.9800,1.0000,0,28,54
634.6569,1.9800,1.0000,0,28,54
650.0000,1.9800,1.0000,0,28,54
250.0000,1.9820,1.0000,0,27,55
256.0438,1.9820,1.0000,0,27,55
262.2338,1.9820,1.0000,0,27,55
268.5734,1.9820,1.0000,0,27,55
275.0663,1.9820,1.0000,0,27,55
281.7161,1.9820,1.0000,0,27,55
288.5267,1.9820,1.0000,0,27,55
295.5019,1.9820,1.0000,0,27,55
302.6458,1.9820,1.0000,0,27,55
309.9624,1.9820,1.0000,0,28,55
317.4559,1.9820,1.0000,0,28,56
325.1305,1.9820,1.0000,0,28,56
332.9906,1.9820,1.0000,0,28,56
341.0408,1.9820,1.0000,0,28,57
349.2856,1.9820,1.0000,0,28,57
357.7297,1.9820,1.0000,0,28,57
366.3780,1.9820,1.0000,0,28,57
375.2353,1.9820,1.0000,0,28,57
384.3068,1.9820,1.0000,0,28,57
393.5975,1.9820,1.0000,0,28,57
403.1129,1.9820,1.0000,0,28,57
412.8583,1.9820,1.0000,0,28,57
422.8393,1.9820,1.0000,0,27,57
433.0616,1.9820,1.0000,0,27,57
443.5310,1.9820,1.0000,0,27,57
454.2536,1.9820,1.0000,0,27,57
465.2353,1.9820,1.0000,0,27,57
476.4826,1.9820,1.0000,0,27,57
488.0017,1.9820,1.0000,0,28,57
499.7993,1.9820,1.0000,0,28,57
511.8822,1.9820,1.0000,0,28,57
524.2571,1.9820,1.0000,0,28,57
536.9313,1.9820,1.0000,0,28,57
549.9118,1.9820,1.0000,0,29,57
563.2061,1.9820,1.0000,0,29,57
576.8218,1.9820,1.0000,0,29,57
590.7667,1.9820,1.0000,0,28,57
605.0487,1.9820,1.0000,0,28,57
619.6760,1.9820,1.0000,0,28,57
634.6569,1.9820,1.0000,0,28,57
650.0000,1.9820,1.0000,0,28,57
250.0000,1.9840,1.0000,0,26,52
256.0438,1.9840,1.0000,0,26,52
262.2338,1.9840,1.0000,0,27,52
268.5734,1.9840,1.0000,0,27,52
275.0663,1.9840,1.0000,0,27,52
281.7161,1.9840,1.0000,0,27,52
288.5267,1.9840,1.0000,0,27,52
295.5019,1.9840,1.0000,0,27,52
302.6458,1.9840,1.0000,0,27,52
309.9624,1.9840,1.0000,0,27,52
317.4559,1.9840,1.0000,0,27,52
325.1305,1.9840,1.0000,0,27,52
332.9906,1.9840,1.0000,0,27,52
341.0408,1.9840,1.0000,0,27,52
349.2856,1.9840,1.0000,0,27,52
357.7297,1.9840,1.0000,0,27,53
366.3780,1.9840,1.0000,0,27,53
375.2353,1.9840,1.0000,0,27,54
384.3068,1.9840,1.0000,0,27,54
393.5975,1.9840,1.0000,0,27,54
403.1129,1.9840,1.0000,0,27,54
412.8583,1.9840,1.0000,0,27,54
422.8393,1.9840,1.0000,0,26,54
433.0616,1.9840,1.0000,0,26,54
443.5310,1.9840,1.0000,0,26,54
454.2536,1.9840,1.0000,0,27,54
465.2353,1.9840,1.0000,0,27,54
476.4826,1.9840,1.0000,0,26,54
488.0017,1.9840,1.0000,0,26,54
499.7993,1.9840,1.0000,0,26,54
511.8822,1.9840,1.0000,0,26,54
524.2571,1.9840,1.0000,0,26,54
536.9313,1.9840,1.0000,0,27,55
549.9118,1.9840,1.0000,0,27,54
563.2061,1.9840,1.0000,0,27,54
576.8218,1.9840,1.0000,0,26,54
590.7667,1.9840,1.0000,0,26,54
605.0487,1.9840,1.0000,0,26,54
619.6760,1.9840,1.0000,0,26,54
634.6569,1.9840,1.0000,0,26,54
650.0000,1.9840,1.0000,0,26,54
250.0000,1.9860,1.9434,0,26,51
256.0438,1.9860,1.8550,0,26,51
262.2338,1.9860,1.7703,0,26,51
268.5734,1.9860,1.8434,0,26,51
275.0663,1.9860,1.9204,0,26,51
281.7161,1.9860,1.9941,0,26,50
288.5267,1.9860,1.9353,0,25,50
295.5019,1.9860,1.8677,0,25,51
302.6458,1.9860,1.8031,0,25,51
309.9624,1.9860,1.7412,0,25,51
317.4559,1.9860,1.6819,0,25,51
325.1305,1.9860,1.6253,0,25,51
332.9906,1.9860,1.5711,0,24,51
341.0408,1.9860,1.5193,0,24,51
349.2856,1.9860,1.4697,0,24,52
357.7297,1.9860,1.4223,0,24,52
366.3780,1.9860,1.3771,0,23,52
375.2353,1.9860,1.3338,0,23,52
384.3068,1.9860,1.2924,0,24,52
393.5975,1.9860,1.2528,0,24,52
403.1129,1.9860,1.2151,0,24,53
412.8583,1.9860,1.1790,0,25,53
422.8393,1.9860,1.1445,0,25,53
433.0616,1.9860,1.1115,0,25,54
443.5310,1.9860,1.0801,0,25,54
454.2536,1.9860,1.0500,0,25,54
465.2353,1.9860,1.0213,0,25,54
476.4826,1.9860,1.0000,0,25,55
488.0017,1.9860,1.0000,0,25,55
499.7993,1.9860,1.0000,0,25,55
511.8822,1.9860,1.0000,0,25,55
524.2571,1.9860,1.0000,0,25,55
536.9313,1.9860,1.0000,0,24,55
549.9118,1.9860,1.0000,0,25,55
563.2061,1.9860,1.0000,0,25,55
576.8218,1.9860,1.0000,0,25,55
590.7667,1.9860,1.0000,0,25,55
605.0487,1.9860,1.0000,0,25,55
619.6760,1.9860,1.0000,0,26,55
634.6569,1.9860,1.0000,0,26,55
650.0000,1.9860,1.0000,0,26,55
250.0000,1.9880,1.0000,0,25,50
256.0438,1.9880,1.0000,0,25,49
262.2338,1.9880,1.0000,0,24,50
268.5734,1.9880,1.0000,0,24,50
275.0663,1.9880,1.0000,0,25,50
281.7161,1.9880,1.0000,0,25,50
288.5267,1.9880,1.0000,0,25,50
295.5019,1.9880,1.0000,0,25,50
302.6458,1.9880,1.0000,0,25,50
309.9624,1.9880,1.0000,0,25,50
317.4559,1.9880,1.0000,0,25,50
325.1305,1.9880,1.0000,0,25,50
332.9906,1.9880,1.0000,0,24,50
341.0408,1.9880,1.0000,0,24,50
349.2856,1.9880,1.0000,0,24,50
357.7297,1.9880,1.0000,0,24,50
366.3780,1.9880,1.0000,0,24,50
375.2353,1.9880,1.0000,0,24,50
384.3068,1.9880,1.0000,0,25,50
393.5975,1.9880,1.0000,0,25,50
403.1129,1.9880,1.0000,0,25,50
412.8583,1.9880,1.0000,0,25,50
422.8393,1.9880,1.0000,0,25,49
433.0616,1.9880,1.0000,0,25,48
443.5310,1.9880,1.0000,0,25,47
454.2536,1.9880,1.0000,0,24,47
465.2353,1.9880,1.0000,0,24,48
476.4826,1.9880,1.0000,0,24,49
488.0017,1.9880,1.0000,0,24,49
499.7993,1.9880,1.0000,0,24,49
511.8822,1.9880,1.0000,0,24,50
524.2571,1.9880,1.0000,0,23,50
536.9313,1.9880,1.0000,0,23,50
549.9118,1.9880,1.0000,0,23,50
563.2061,1.9880,1.0000,0,23,50
576.8218,1.9880,1.0000,0,23,51
590.7667,1.9880,1.0000,0,24,51
605.0487,1.9880,1.0000,0,24,51
619.6760,1.9880,1.0000,0,24,51
634.6569,1.9880,1.0000,0,23,51
650.0000,1.9880,1.0000,0,23,51
250.0000,1.9900,1.0000,0,28,49
256.0438,1.9900,1.0000,0,25,49
262.2338,1.9900,1.0000,0,24,49
268.5734,1.9900,1.0000,0,24,51
275.0663,1.9900,1.0000,0,25,49
281.7161,1.9900,1.0000,0,25,50
288.5267,1.9900,1.0000,0,25,51
295.5019,1.9900,1.0000,0,25,51
302.6458,1.9900,1.0000,0,24,49
309.9624,1.9900,1.0000,0,24,47
317.4559,1.9900,1.0000,0,24,47
325.1305,1.9900,1.0000,0,22,47
332.9906,1.9900,1.0000,0,23,47
341.0408,1.9900,1.0000,0,23,47
349.2856,1.9900,1.0000,0,23,47
357.7297,1.9900,1.0000,0,23,47
366.3780,1.9900,1.0000,0,23,47
375.2353,1.9900,1.0000,0,23,47
384.3068,1.9900,1.0000,0,24,47
393.5975,1.9900,1.0000,0,26,47
403.1129,1.9900,1.0000,0,25,47
412.8583,1.9900,1.0000,0,25,47
422.8393,1.9900,1.0000,0,25,47
433.0616,1.9900,1.0000,0,25,47
443.5310,1.9900,1.0000,0,25,45
454.2536,1.9900,1.0000,0,25,45
465.2353,1.9900,1.0000,0,24,47
476.4826,1.9900,1.0000,0,24,47
488.0017,1.9900,1.0000,0,24,47
499.7993,1.9900,1.0000,0,24,47
511.8822,1.9900,1.0000,0,24,47
524.2571,1.9900,1.0000,0,24,47
536.9313,1.9900,1.0000,0,24,47
549.9118,1.9900,1.0000,0,24,48
563.2061,1.9900,1.0000,0,24,50
576.8218,1.9900,1.0000,0,24,51
590.7667,1.9900,1.0000,0,24,51
605.0487,1.9900,1.0000,0,24,53
619.6760,1.9900,1.0000,0,24,53
634.6569,1.9900,1.0000,0,24,53
650.0000,1.9900,1.0000,0,24,53
250.0000,1.9920,1.8243,0,28,52
256.0438,1.9920,1.9416,0,28,53
262.2338,1.9920,1.7153,0,27,51
268.5734,1.9920,1.4967,0,28,51
275.0663,1.9920,1.2857,0,27,50
281.7161,1.9920,1.2751,0,27,48
288.5267,1.9920,1.4652,0,25,48
295.5019,1.9920,1.6486,0,24,49
302.6458,1.9920,1.8253,0,24,48
309.9624,1.9920,1.9955,0,24,48
317.4559,1.9920,1.8405,0,24,48
325.1305,1.9920,1.6827,0,24,48
332.9906,1.9920,1.5309,0,23,48
341.0408,1.9920,1.3848,0,24,51
349.2856,1.9920,1.2444,0,24,50
357.7297,1.9920,1.1937,0,24,50
366.3780,1.9920,1.3190,0,24,50
375.2353,1.9920,1.4394,0,24,49
384.3068,1.9920,1.5550,0,24,47
393.5975,1.9920,1.6660,0,24,47
403.1129,1.9920,1.7725,0,24,49
412.8583,1.9920,1.8746,0,25,49
422.8393,1.9920,1.9726,0,26,49
433.0616,1.9920,1.9334,0,25,48
443.5310,1.9920,1.8434,0,24,47
454.2536,1.9920,1.7571,0,24,47
465.2353,1.9920,1.6744,0,24,46
476.4826,1.9920,1.5951,0,24,45
488.0017,1.9920,1.5193,0,24,45
499.7993,1.9920,1.4466,0,24,45
511.8822,1.9920,1.3770,0,24,45
524.2571,1.9920,1.3105,0,25,45
536.9313,1.9920,1.2467,0,25,43
549.9118,1.9920,1.1858,0,25,43
563.2061,1.9920,1.1459,0,25,43
576.8218,1.9920,1.1998,0,25,43
590.7667,1.9920,1.2514,0,24,43
605.0487,1.9920,1.3007,0,24,44
619.6760,1.9920,1.3478,0,24,44
634.6569,1.9920,1.3929,0,24,44
650.0000,1.9920,1.4360,0,24,44
250.0000,1.9940,1.8631,0,25,46
256.0438,1.9940,1.7992,0,25,48
262.2338,1.9940,1.4470,0,24,49
268.5734,1.9940,1.1043,0,25,48
275.0663,1.9940,1.2040,0,26,47
281.7161,1.9940,1.5151,0,25,46
288.5267,1.9940,1.8173,0,25,48
295.5019,1.9940,1.9144,0,25,51
302.6458,1.9940,1.6301,0,27,50
309.9624,1.9940,1.3544,0,27,52
317.4559,1.9940,1.0874,0,28,52
325.1305,1.9940,1.0641,0,28,52
332.9906,1.9940,1.3040,0,27,52
341.0408,1.9940,1.5360,0,27,50
349.2856,1.9940,1.7603,0,24,48
357.7297,1.9940,1.9770,0,26,48
366.3780,1.9940,1.8400,0,26,49
375.2353,1.9940,1.6381,0,26,48
384.3068,1.9940,1.4435,0,25,46
393.5975,1.9940,1.2557,0,25,45
403.1129,1.9940,1.0748,0,25,47
412.8583,1.9940,1.0000,0,26,49
422.8393,1.9940,1.0645,0,27,47
433.0616,1.9940,1.2191,0,27,50
443.5310,1.9940,1.3679,0,27,51
454.2536,1.9940,1.5110,0,28,52
465.2353,1.9940,1.6486,0,29,52
476.4826,1.9940,1.7809,0,29,52
488.0017,1.9940,1.9079,0,28,51
499.7993,1.9940,1.9973,0,28,49
511.8822,1.9940,1.8801,0,28,48
524.2571,1.9940,1.7677,0,28,47
536.9313,1.9940,1.6598,0,28,49
549.9118,1.9940,1.5563,0,29,49
563.2061,1.9940,1.4570,0,29,49
576.8218,1.9940,1.3618,0,29,49
590.7667,1.9940,1.2706,0,29,48
605.0487,1.9940,1.1831,0,29,47
619.6760,1.9940,1.0993,0,29,47
634.6569,1.9940,1.0190,0,29,48
650.0000,1.9940,1.0000,0,29,49
250.0000,1.9960,1.1718,0,27,49
256.0438,1.9960,1.0000,0,25,49
262.2338,1.9960,1.4463,0,23,45
268.5734,1.9960,1.9952,0,23,41
275.0663,1.9960,1.4661,0,24,41
281.7161,1.9960,1.0000,0,24,45
288.5267,1.9960,1.0000,0,24,45
295.5019,1.9960,1.4105,0,24,41
302.6458,1.9960,1.8984,0,24,41
309.9624,1.9960,1.6450,0,23,41
317.4559,1.9960,1.1756,0,21,38
325.1305,1.9960,1.0000,0,21,43
332.9906,1.9960,1.0000,0,22,42
341.0408,1.9960,1.2992,0,21,37
349.2856,1.9960,2.0625,0,23,38
357.7297,1.9960,2.6710,0,23,36
366.3780,1.9960,2.3959,0,23,37
375.2353,1.9960,2.0445,0,23,36
384.3068,1.9960,1.5272,0,23,41
393.5975,1.9960,1.1735,0,21,42
403.1129,1.9960,1.0000,0,21,41
412.8583,1.9960,1.2122,0,20,36
422.8393,1.9960,1.5231,0,19,35
433.0616,1.9960,1.8251,0,19,35
443.5310,1.9960,1.9069,0,18,35
454.2536,1.9960,1.6227,0,20,35
465.2353,1.9960,1.3473,0,20,37
476.4826,1.9960,1.0805,0,21,37
488.0017,1.9960,1.0000,0,20,38
499.7993,1.9960,1.0000,0,21,40
511.8822,1.9960,1.0000,0,21,41
524.2571,1.9960,1.0000,0,20,39
536.9313,1.9960,1.0000,0,21,39
549.9118,1.9960,1.1008,0,20,37
563.2061,1.9960,1.2981,0,20,35
576.8218,1.9960,1.4885,0,19,33
590.7667,1.9960,1.6721,0,19,33
605.0487,1.9960,1.8490,0,19,31
619.6760,1.9960,1.9927,0,19,31
634.6569,1.9960,1.8432,0,19,31
650.0000,1.9960,1.6853,0,18,29
250.0000,1.9980,1.0000,0,21,41
256.0438,1.9980,1.1621,0,20,37
262.2338,1.9980,1.9167,0,19,31
268.5734,1.9980,1.0000,0,18,30
275.0663,1.9980,1.0000,0,18,33
281.7161,1.9980,1.4163,0,16,29
288.5267,1.9980,1.6992,0,17,31
295.5019,1.9980,1.0000,0,17,29
302.6458,1.9980,1.0000,0,16,27
309.9624,1.9980,1.2538,0,16,25
317.4559,1.9980,1.9101,0,15,27
325.1305,1.9980,1.0560,0,14,25
332.9906,1.9980,1.0000,0,16,29
341.0408,1.9980,1.0000,0,15,29
349.2856,1.9980,1.4162,0,15,25
357.7297,1.9980,1.8072,0,15,23
366.3780,1.9980,1.0144,0,16,24
375.2353,1.9980,1.0000,0,15,23
384.3068,1.9980,1.0000,0,15,25
393.5975,1.9980,1.0000,0,13,25
403.1129,1.9980,1.6470,0,14,27
412.8583,1.9980,1.6542,0,13,23
422.8393,1.9980,1.0000,0,14,23
433.0616,1.9980,1.0000,0,12,19
443.5310,1.9980,1.0000,0,14,23
454.2536,1.9980,1.0000,0,14,25
465.2353,1.9980,1.0000,0,15,25
476.4826,1.9980,1.6095,0,15,23
488.0017,1.9980,1.7927,0,15,23
499.7993,1.9980,1.1820,0,13,23
511.8822,1.9980,1.0000,0,12,23
524.2571,1.9980,1.0000,0,10,21
536.9313,1.9980,1.0000,0,11,19
549.9118,1.9980,1.0000,0,11,19
563.2061,1.9980,1.0000,0,11,21
576.8218,1.9980,1.0000,0,11,23
590.7667,1.9980,1.4022,0,11,19
605.0487,1.9980,1.8903,0,12,19
619.6760,1.9980,1.6530,0,13,19
634.6569,1.9980,1.1834,0,12,19
650.0000,1.9980,1.0000,0,12,21
250.0000,2.0000,1.6726,0,17,16
256.0438,2.0000,1.0000,0,17,15
262.2338,2.0000,1.0195,0,16,13
268.5734,2.0000,1.7954,0,15,14
275.0663,2.0000,1.0000,0,16,15
281.7161,2.0000,1.0000,0,15,15
288.5267,2.0000,1.7856,0,14,12
295.5019,2.0000,1.0108,0,16,12
302.6458,2.0000,1.0000,0,15,12
309.9624,2.0000,1.0274,0,14,12
317.4559,2.0000,1.7874,0,13,12
325.1305,2.0000,1.0000,0,14,12
332.9906,2.0000,1.0000,0,14,12
341.0408,2.0000,1.0392,0,15,12
349.2856,2.0000,1.7753,0,15,12
357.7297,2.0000,1.0000,0,12,12
366.3780,2.0000,1.0000,0,11,10
375.2353,2.0000,1.0000,0,12,12
384.3068,2.0000,1.7344,0,12,10
393.5975,2.0000,1.0632,0,12,10
403.1129,2.0000,1.0000,0,12,10
412.8583,2.0000,1.0000,0,12,10
422.8393,2.0000,1.0000,0,11,10
433.0616,2.0000,1.8169,0,10,9
443.5310,2.0000,1.0000,0,11,11
454.2536,2.0000,1.0000,0,10,9
465.2353,2.0000,1.0000,0,10,7
476.4826,2.0000,1.0000,0,10,7
488.0017,2.0000,1.1198,0,9,7
499.7993,2.0000,1.6927,0,8,8
511.8822,2.0000,1.0000,0,8,8
524.2571,2.0000,1.0000,0,9,8
536.9313,2.0000,1.0000,0,7,8
549.9118,2.0000,1.0000,0,8,7
563.2061,2.0000,1.0000,0,9,8
576.8218,2.0000,1.7657,0,9,6
590.7667,2.0000,1.0312,0,9,6
605.0487,2.0000,1.0000,0,8,6
619.6760,2.0000,1.0000,0,7,6
634.6569,2.0000,1.0000,0,6,6
650.0000,2.0000,1.0000,0,7,5
250.0000,2.0020,1.0000,0,21,41
256.0438,2.0020,1.1621,0,20,37
262.2338,2.0020,1.9167,0,19,31
268.5734,2.0020,1.0000,0,18,30
275.0663,2.0020,1.0000,0,18,33
281.7161,2.0020,1.4163,0,16,29
288.5267,2.0020,1.6992,0,17,31
295.5019,2.0020,1.0000,0,17,29
302.6458,2.0020,1.0000,0,16,27
309.9624,2.0020,1.2538,0,16,25
317.4559,2.0020,1.9101,0,15,27
325.1305,2.0020,1.0560,0,14,25
332.9906,2.0020,1.0000,0,16,29
341.0408,2.0020,1.0000,0,15,29
349.2856,2.0020,1.4162,0,15,25
357.7297,2.0020,1.8072,0,15,23
366.3780,2.0020,1.0144,0,16,24
375.2353,2.0020,1.0000,0,15,23
384.3068,2.0020,1.0000,0,15,25
393.5975,2.0020,1.0000,0,13,25
403.1129,2.0020,1.6470,0,14,27
412.8583,2.0020,1.6542,0,13,23
422.8393,2.0020,1.0000,0,14,23
433.0616,2.0020,1.0000,0,12,19
443.5310,2.0020,1.0000,0,14,23
454.2536,2.0020,1.0000,0,14,25
465.2353,2.0020,1.0000,0,15,25
476.4826,2.0020,1.6095,0,15,23
488.0017,2.0020,1.7927,0,15,23
499.7993,2.0020,1.1820,0,13,23
511.8822,2.0020,1.0000,0,12,23
524.2571,2.0020,1.0000,0,10,21
536.9313,2.0020,1.0000,0,11,19
549.9118,2.0020,1.0000,0,11,19
563.2061,2.0020,1.0000,0,11,21
576.8218,2.0020,1.0000,0,11,23
590.7667,2.0020,1.4022,0,11,19
605.0487,2.0020,1.8903,0,12,19
619.6760,2.0020,1.6530,0,13,19
634.6569,2.0020,1.1834,0,12,19
650.0000,2.0020,1.0000,0,12,21
250.0000,2.0040,1.1718,0,27,49
256.0438,2.0040,1.0000,0,25,49
262.2338,2.0040,1.4463,0,23,45
268.5734,2.0040,1.9952,0,23,41
275.0663,2.0040,1.4661,0,24,41
281.7161,2.0040,1.0000,0,24,45
288.5267,2.0040,1.0000,0,24,45
295.5019,2.0040,1.4105,0,24,41
302.6458,2.0040,1.8984,0,24,41
309.9624,2.0040,1.6450,0,23,41
317.4559,2.0040,1.1756,0,21,38
325.1305,2.0040,1.0000,0,21,43
332.9906,2.0040,1.0000,0,22,42
341.0408,2.0040,1.2992,0,21,37
349.2856,2.0040,2.0625,0,23,38
357.7297,2.0040,2.6710,0,23,36
366.3780,2.0040,2.3959,0,23,37
375.2353,2.0040,2.0445,0,23,36
384.3068,2.0040,1.5272,0,23,41
393.5975,2.0040,1.1735,0,21,42
403.1129,2.0040,1.0000,0,21,41
412.8583,2.0040,1.2122,0,20,36
422.8393,2.0040,1.5231,0,19,35
433.0616,2.0040,1.8251,0,19,35
443.5310,2.0040,1.9069,0,18,35
454.2536,2.0040,1.6227,0,20,35
465.2353,2.0040,1.3473,0,20,37
476.4826,2.0040,1.0805,0,21,37
488.0017,2.0040,1.0000,0,20,38
499.7993,2.0040,1.0000,0,21,40
511.8822,2.0040,1.0000,0,21,41
524.2571,2.0040,1.0000,0,20,39
536.9313,2.0040,1.0000,0,21,39
549.9118,2.0040,1.1008,0,20,37
563.2061,2.0040,1.2981,0,20,35
576.8218,2.0040,1.4885,0,19,33
590.7667,2.0040,1.6721,0,19,33
605.0487,2.0040,1.8490,0,19,31
619.6760,2.0040,1.9927,0,19,31
634.6569,2.0040,1.8432,0,19,31
650.0000,2.0040,1.6853,0,18,29
250.0000,2.0060,1.8631,0,25,46
256.0438,2.0060,1.7992,0,25,48
262.2338,2.0060,1.4470,0,24,49
268.5734,2.0060,1.1043,0,25,48
275.0663,2.0060,1.2040,0,26,47
281.7161,2.0060,1.5151,0,25,46
288.5267,2.0060,1.8173,0,25,48
295.5019,2.0060,1.9144,0,25,51
302.6458,2.0060,1.6301,0,27,50
309.9624,2.0060,1.3544,0,27,52
317.4559,2.0060,1.0874,0,28,52
325.1305,2.0060,1.0641,0,28,52
332.9906,2.0060,1.3040,0,27,52
341.0408,2.0060,1.5360,0,27,50
349.2856,2.0060,1.7603,0,25,48
357.7297,2.0060,1.9770,0,26,48
366.3780,2.0060,1.8400,0,26,49
375.2353,2.0060,1.6381,0,26,48
384.3068,2.0060,1.4435,0,25,45
393.5975,2.0060,1.2557,0,25,45
403.1129,2.0060,1.0748,0,25,47
412.8583,2.0060,1.0000,0,26,49
422.8393,2.0060,1.0645,0,27,47
433.0616,2.0060,1.2191,0,27,49
443.5310,2.0060,1.3679,0,27,50
454.2536,2.0060,1.5110,0,28,52
465.2353,2.0060,1.6486,0,29,52
476.4826,2.0060,1.7809,0,29,52
488.0017,2.0060,1.9079,0,28,51
499.7993,2.0060,1.9973,0,28,49
511.8822,2.0060,1.8801,0,28,48
524.2571,2.0060,1.7677,0,28,47
536.9313,2.0060,1.6598,0,28,49
549.9118,2.0060,1.5563,0,29,49
563.2061,2.0060,1.4570,0,29,49
576.8218,2.0060,1.3618,0,29,49
590.7667,2.0060,1.2706,0,29,48
605.0487,2.0060,1.1831,0,29,47
619.6760,2.0060,1.0993,0,29,47
634.6569,2.0060,1.0190,0,29,48
650.0000,2.0060,1.0000,0,29,49
250.0000,2.0080,1.8500,0,28,52
256.0438,2.0080,1.9157,0,28,53
262.2338,2.0080,1.6894,0,27,51
268.5734,2.0080,1.4707,0,27,51
275.0663,2.0080,1.2595,0,26,50
281.7161,2.0080,1.3014,0,27,48
288.5267,2.0080,1.4916,0,25,48
295.5019,2.0080,1.6751,0,24,50
302.6458,2.0080,1.8519,0,24,48
309.9624,2.0080,1.9778,0,24,48
317.4559,2.0080,1.8137,0,24,48
325.1305,2.0080,1.6559,0,24,48
332.9906,2.0080,1.5040,0,23,49
341.0408,2.0080,1.3578,0,24,52
349.2856,2.0080,1.2174,0,24,51
357.7297,2.0080,1.2208,0,24,50
366.3780,2.0080,1.3463,0,24,50
375.2353,2.0080,1.4667,0,24,49
384.3068,2.0080,1.5824,0,24,47
393.5975,2.0080,1.6934,0,24,47
403.1129,2.0080,1.7999,0,24,49
412.8583,2.0080,1.9021,0,25,49
422.8393,2.0080,1.9998,0,26,49
433.0616,2.0080,1.9058,0,25,48
443.5310,2.0080,1.8157,0,24,47
454.2536,2.0080,1.7293,0,24,47
465.2353,2.0080,1.6466,0,24,46
476.4826,2.0080,1.5673,0,24,45
488.0017,2.0080,1.4914,0,24,45
499.7993,2.0080,1.4187,0,24,45
511.8822,2.0080,1.3491,0,24,45
524.2571,2.0080,1.2825,0,25,45
536.9313,2.0080,1.2187,0,25,43
549.9118,2.0080,1.1577,0,25,43
563.2061,2.0080,1.1459,0,25,43
576.8218,2.0080,1.1998,0,25,43
590.7667,2.0080,1.2514,0,24,44
605.0487,2.0080,1.3007,0,24,44
619.6760,2.0080,1.3478,0,24,44
634.6569,2.0080,1.3929,0,24,44
650.0000,2.0080,1.4360,0,24,44
250.0000,2.0100,1.0000,0,28,49
256.0438,2.0100,1.0000,0,25,49
262.2338,2.0100,1.0000,0,24,49
268.5734,2.0100,1.0000,0,24,51
275.0663,2.0100,1.0000,0,25,49
281.7161,2.0100,1.0000,0,25,50
288.5267,2.0100,1.0000,0,25,51
295.5019,2.0100,1.0000,0,25,51
302.6458,2.0100,1.0000,0,24,49
309.9624,2.0100,1.0000,0,24,47
317.4559,2.0100,1.0000,0,24,47
325.1305,2.0100,1.0000,0,22,47
332.9906,2.0100,1.0000,0,23,47
341.0408,2.0100,1.0000,0,23,47
349.2856,2.0100,1.0000,0,23,47
357.7297,2.0100,1.0000,0,23,47
366.3780,2.0100,1.0000,0,23,47
375.2353,2.0100,1.0000,0,23,47
384.3068,2.0100,1.0000,0,24,47
393.5975,2.0100,1.0000,0,26,47
403.1129,2.0100,1.0000,0,25,47
412.8583,2.0100,1.0000,0,25,47
422.8393,2.0100,1.0000,0,25,47
433.0616,2.0100,1.0000,0,25,47
443.5310,2.0100,1.0000,0,25,45
454.2536,2.0100,1.0000,0,25,45
465.2353,2.0100,1.0000,0,24,47
476.4826,2.0100,1.0000,0,24,47
488.0017,2.0100,1.0000,0,24,47
499.7993,2.0100,1.0000,0,24,47
511.8822,2.0100,1.0000,0,24,47
524.2571,2.0100,1.0000,0,24,47
536.9313,2.0100,1.0000,0,24,47
549.9118,2.0100,1.0000,0,24,48
563.2061,2.0100,1.0000,0,24,50
576.8218,2.0100,1.0000,0,24,51
590.7667,2.0100,1.0000,0,24,51
605.0487,2.0100,1.0000,0,24,53
619.6760,2.0100,1.0000,0,24,53
634.6569,2.0100,1.0000,0,24,53
650.0000,2.0100,1.0000,0,24,53
250.0000,2.0120,1.0000,0,25,50
256.0438,2.0120,1.0000,0,25,49
262.2338,2.0120,1.0000,0,24,50
268.5734,2.0120,1.0000,0,24,50
275.0663,2.0120,1.0000,0,25,50
281.7161,2.0120,1.0000,0,25,50
288.5267,2.0120,1.0000,0,25,50
295.5019,2.0120,1.0000,0,25,50
302.6458,2.0120,1.0000,0,25,50
309.9624,2.0120,1.0000,0,25,50
317.4559,2.0120,1.0000,0,25,50
325.1305,2.0120,1.0000,0,25,50
332.9906,2.0120,1.0000,0,24,50
341.0408,2.0120,1.0000,0,24,50
349.2856,2.0120,1.0000,0,24,50
357.7297,2.0120,1.0000,0,24,50
366.3780,2.0120,1.0000,0,24,50
375.2353,2.0120,1.0000,0,24,50
384.3068,2.0120,1.0000,0,25,50
393.5975,2.0120,1.0000,0,25,50
403.1129,2.0120,1.0000,0,25,50
412.8583,2.0120,1.0000,0,25,50
422.8393,2.0120,1.0000,0,25,48
433.0616,2.0120,1.0000,0,25,48
443.5310,2.0120,1.0000,0,25,47
454.2536,2.0120,1.0000,0,24,48
465.2353,2.0120,1.0000,0,24,48
476.4826,2.0120,1.0000,0,24,49
488.0017,2.0120,1.0000,0,24,49
499.7993,2.0120,1.0000,0,24,49
511.8822,2.0120,1.0000,0,24,50
524.2571,2.0120,1.0000,0,23,50
536.9313,2.0120,1.0000,0,23,50
549.9118,2.0120,1.0000,0,23,50
563.2061,2.0120,1.0000,0,23,51
576.8218,2.0120,1.0000,0,23,51
590.7667,2.0120,1.0000,0,24,51
605.0487,2.0120,1.0000,0,24,51
619.6760,2.0120,1.0000,0,24,51
634.6569,2.0120,1.0000,0,23,51
650.0000,2.0120,1.0000,0,23,51
250.0000,2.0140,1.9434,0,26,51
256.0438,2.0140,1.8550,0,26,51
262.2338,2.0140,1.7703,0,26,51
268.5734,2.0140,1.8434,0,26,51
275.0663,2.0140,1.9204,0,26,51
281.7161,2.0140,1.9941,0,26,50
288.5267,2.0140,1.9353,0,25,50
295.5019,2.0140,1.8677,0,25,51
302.6458,2.0140,1.8031,0,25,51
309.9624,2.0140,1.7412,0,25,51
317.4559,2.0140,1.6819,0,25,51
325.1305,2.0140,1.6253,0,25,51
332.9906,2.0140,1.5711,0,24,51
341.0408,2.0140,1.5193,0,24,51
349.2856,2.0140,1.4697,0,24,52
357.7297,2.0140,1.4223,0,24,52
366.3780,2.0140,1.3771,0,23,52
375.2353,2.0140,1.3338,0,23,52
384.3068,2.0140,1.2924,0,24,52
393.5975,2.0140,1.2528,0,24,52
403.1129,2.0140,1.2151,0,24,53
412.8583,2.0140,1.1790,0,25,53
422.8393,2.0140,1.1445,0,25,53
433.0616,2.0140,1.1115,0,25,54
443.5310,2.0140,1.0801,0,25,54
454.2536,2.0140,1.0500,0,25,54
465.2353,2.0140,1.0213,0,25,54
476.4826,2.0140,1.0000,0,25,55
488.0017,2.0140,1.0000,0,25,55
499.7993,2.0140,1.0000,0,25,55
511.8822,2.0140,1.0000,0,25,55
524.2571,2.0140,1.0000,0,25,55
536.9313,2.0140,1.0000,0,24,55
549.9118,2.0140,1.0000,0,25,55
563.2061,2.0140,1.0000,0,25,55
576.8218,2.0140,1.0000,0,25,55
590.7667,2.0140,1.0000,0,25,55
605.0487,2.0140,1.0000,0,25,55
619.6760,2.0140,1.0000,0,26,55
634.6569,2.0140,1.0000,0,26,55
650.0000,2.0140,1.0000,0,26,55
250.0000,2.0160,1.0000,0,26,52
256.0438,2.0160,1.0000,0,26,52
262.2338,2.0160,1.0000,0,27,52
268.5734,2.0160,1.0000,0,27,52
275.0663,2.0160,1.0000,0,27,52
281.7161,2.0160,1.0000,0,27,52
288.5267,2.0160,1.0000,0,27,52
295.5019,2.0160,1.0000,0,27,52
302.6458,2.0160,1.0000,0,27,52
309.9624,2.0160,1.0000,0,27,52
317.4559,2.0160,1.0000,0,27,52
325.1305,2.0160,1.0000,0,27,52
332.9906,2.0160,1.0000,0,27,52
341.0408,2.0160,1.0000,0,27,52
349.2856,2.0160,1.0000,0,27,52
357.7297,2.0160,1.0000,0,27,53
366.3780,2.0160,1.0000,0,27,53
375.2353,2.0160,1.0000,0,27,54
384.3068,2.0160,1.0000,0,27,54
393.5975,2.0160,1.0000,0,27,54
403.1129,2.0160,1.0000,0,27,54
412.8583,2.0160,1.0000,0,27,54
422.8393,2.0160,1.0000,0,26,54
433.0616,2.0160,1.0000,0,26,54
443.5310,2.0160,1.0000,0,26,54
454.2536,2.0160,1.0000,0,27,54
465.2353,2.0160,1.0000,0,27,54
476.4826,2.0160,1.0000,0,26,54
488.0017,2.0160,1.0000,0,26,54
499.7993,2.0160,1.0000,0,26,53
511.8822,2.0160,1.0000,0,26,53
524.2571,2.0160,1.0000,0,26,53
536.9313,2.0160,1.0000,0,27,54
549.9118,2.0160,1.0000,0,27,54
563.2061,2.0160,1.0000,0,27,54
576.8218,2.0160,1.0000,0,26,54
590.7667,2.0160,1.0000,0,26,54
605.0487,2.0160,1.0000,0,26,54
619.6760,2.0160,1.0000,0,26,54
634.6569,2.0160,1.0000,0,26,54
650.0000,2.0160,1.0000,0,26,54
250.0000,2.0180,1.0000,0,27,55
256.0438,2.0180,1.0000,0,27,55
262.2338,2.0180,1.0000,0,27,55
268.5734,2.0180,1.0000,0,27,55
275.0663,2.0180,1.0000,0,27,55
281.7161,2.0180,1.0000,0,27,55
288.5267,2.0180,1.0000,0,27,55
295.5019,2.0180,1.0000,0,27,55
302.6458,2.0180,1.0000,0,27,55
309.9624,2.0180,1.0000,0,28,55
317.4559,2.0180,1.0000,0,28,56
325.1305,2.0180,1.0000,0,28,56
332.9906,2.0180,1.0000,0,28,56
341.0408,2.0180,1.0000,0,28,57
349.2856,2.0180,1.0000,0,28,57
357.7297,2.0180,1.0000,0,28,57
366.3780,2.0180,1.0000,0,28,57
375.2353,2.0180,1.0000,0,28,57
384.3068,2.0180,1.0000,0,28,57
393.5975,2.0180,1.0000,0,28,57
403.1129,2.0180,1.0000,0,28,57
412.8583,2.0180,1.0000,0,28,57
422.8393,2.0180,1.0000,0,27,57
433.0616,2.0180,1.0000,0,27,57
443.5310,2.0180,1.0000,0,27,57
454.2536,2.0180,1.0000,0,27,57
465.2353,2.0180,1.0000,0,27,57
476.4826,2.0180,1.0000,0,27,57
488.0017,2.0180,1.0000,0,28,57
499.7993,2.0180,1.0000,0,28,57
511.8822,2.0180,1.0000,0,28,57
524.2571,2.0180,1.0000,0,28,57
536.9313,2.0180,1.0000,0,28,57
549.9118,2.0180,1.0000,0,29,57
563.2061,2.0180,1.0000,0,29,57
576.8218,2.0180,1.0000,0,29,57
590.7667,2.0180,1.0000,0,28,57
605.0487,2.0180,1.0000,0,28,57
619.6760,2.0180,1.0000,0,28,57
634.6569,2.0180,1.0000,0,28,57
650.0000,2.0180,1.0000,0,28,57
250.0000,2.0200,1.0000,0,27,53
256.0438,2.0200,1.0000,0,27,53
262.2338,2.0200,1.0000,0,27,53
268.5734,2.0200,1.0000,0,27,53
275.0663,2.0200,1.0000,0,27,53
281.7161,2.0200,1.0000,0,27,54
288.5267,2.0200,1.0000,0,27,54
295.5019,2.0200,1.0000,0,27,54
302.6458,2.0200,1.0000,0,27,55
309.9624,2.0200,1.0000,0,27,55
317.4559,2.0200,1.0000,0,27,55
325.1305,2.0200,1.0000,0,27,55
332.9906,2.0200,1.0000,0,27,55
341.0408,2.0200,1.0000,0,27,55
349.2856,2.0200,1.0000,0,27,55
357.7297,2.0200,1.0000,0,27,55
366.3780,2.0200,1.0000,0,27,55
375.2353,2.0200,1.0000,0,27,55
384.3068,2.0200,1.0000,0,26,55
393.5975,2.0200,1.0000,0,26,55
403.1129,2.0200,1.0000,0,26,55
412.8583,2.0200,1.0000,0,26,55
422.8393,2.0200,1.0000,0,26,55
433.0616,2.0200,1.0000,0,27,55
443.5310,2.0200,1.0000,0,27,55
454.2536,2.0200,1.0000,0,27,55
465.2353,2.0200,1.0000,0,28,55
476.4826,2.0200,1.0000,0,28,55
488.0017,2.0200,1.0000,0,28,55
499.7993,2.0200,1.0000,0,28,55
511.8822,2.0200,1.0000,0,28,55
524.2571,2.0200,1.0000,0,28,55
536.9313,2.0200,1.0000,0,28,54
549.9118,2.0200,1.0000,0,28,54
563.2061,2.0200,1.0000,0,28,54
576.8218,2.0200,1.0000,0,28,54
590.7667,2.0200,1.0000,0,28,54
605.0487,2.0200,1.0000,0,28,54
619.6760,2.0200,1.0000,0,28,54
634.6569,2.0200,1.0000,0,28,54
650.0000,2.0200,1.0000,0,28,54
250.0000,2.0220,1.0000,0,28,55
256.0438,2.0220,1.0000,0,28,56
262.2338,2.0220,1.0000,0,28,56
268.5734,2.0220,1.0000,0,28,56
275.0663,2.0220,1.0000,0,28,57
281.7161,2.0220,1.0000,0,28,57
288.5267,2.0220,1.0000,0,28,57
295.5019,2.0220,1.0000,0,28,57
302.6458,2.0220,1.0000,0,28,57
309.9624,2.0220,1.0000,0,28,57
317.4559,2.0220,1.0000,0,28,57
325.1305,2.0220,1.0000,0,28,57
332.9906,2.0220,1.0000,0,28,57
341.0408,2.0220,1.0000,0,28,56
349.2856,2.0220,1.0000,0,28,56
357.7297,2.0220,1.0000,0,28,56
366.3780,2.0220,1.0000,0,28,56
375.2353,2.0220,1.0000,0,28,56
384.3068,2.0220,1.0000,0,28,55
393.5975,2.0220,1.0000,0,29,55
403.1129,2.0220,1.0000,0,29,55
412.8583,2.0220,1.0000,0,29,55
422.8393,2.0220,1.0000,0,29,55
433.0616,2.0220,1.0000,0,29,55
443.5310,2.0220,1.0000,0,29,55
454.2536,2.0220,1.0000,0,29,55
465.2353,2.0220,1.0000,0,29,55
476.4826,2.0220,1.0000,0,29,55
488.0017,2.0220,1.0000,0,29,55
499.7993,2.0220,1.0000,0,29,55
511.8822,2.0220,1.0000,0,29,55
524.2571,2.0220,1.0000,0,29,55
536.9313,2.0220,1.0000,0,29,55
549.9118,2.0220,1.0000,0,29,55
563.2061,2.0220,1.0000,0,29,55
576.8218,2.0220,1.0000,0,29,55
590.7667,2.0220,1.0000,0,29,55
605.0487,2.0220,1.0000,0,29,55
619.6760,2.0220,1.0000,0,29,55
634.6569,2.0220,1.0000,0,29,55
650.0000,2.0220,1.0000,0,29,55
250.0000,2.0240,1.9315,0,27,52
256.0438,2.0240,1.9630,0,27,52
262.2338,2.0240,1.9931,0,27,52
268.5734,2.0240,1.9781,0,27,52
275.0663,2.0240,1.9507,0,27,52
281.7161,2.0240,1.9245,0,27,51
288.5267,2.0240,1.8994,0,27,51
295.5019,2.0240,1.8756,0,27,51
302.6458,2.0240,1.8527,0,27,51
309.9624,2.0240,1.8310,0,27,51
317.4559,2.0240,1.8102,0,27,51
325.1305,2.0240,1.7904,0,27,51
332.9906,2.0240,1.7714,0,27,51
341.0408,2.0240,1.7666,0,27,51
349.2856,2.0240,1.7837,0,27,51
357.7297,2.0240,1.8000,0,28,51
366.3780,2.0240,1.8155,0,28,51
375.2353,2.0240,1.8304,0,28,51
384.3068,2.0240,1.8445,0,28,51
393.5975,2.0240,1.8580,0,28,51
403.1129,2.0240,1.8709,0,28,51
412.8583,2.0240,1.8832,0,28,51
422.8393,2.0240,1.8950,0,28,51
433.0616,2.0240,1.9062,0,28,51
443.5310,2.0240,1.9168,0,28,51
454.2536,2.0240,1.9270,0,27,51
465.2353,2.0240,1.9368,0,27,51
476.4826,2.0240,1.9460,0,27,51
488.0017,2.0240,1.9549,0,27,51
499.7993,2.0240,1.9633,0,27,51
511.8822,2.0240,1.9713,0,27,51
524.2571,2.0240,1.9790,0,27,51
536.9313,2.0240,1.9863,0,27,51
549.9118,2.0240,1.9933,0,27,51
563.2061,2.0240,2.0000,0,27,51
576.8218,2.0240,1.9937,0,27,51
590.7667,2.0240,1.9876,0,27,51
605.0487,2.0240,1.9818,0,27,51
619.6760,2.0240,1.9763,0,27,51
634.6569,2.0240,1.9711,0,27,51
650.0000,2.0240,1.9661,0,27,51
250.0000,2.0260,1.0000,0,27,53
256.0438,2.0260,1.0000,0,27,53
262.2338,2.0260,1.0000,0,27,53
268.5734,2.0260,1.0000,0,27,53
275.0663,2.0260,1.0000,0,27,53
281.7161,2.0260,1.0000,0,27,53
288.5267,2.0260,1.0000,0,27,53
295.5019,2.0260,1.0000,0,27,53
302.6458,2.0260,1.0000,0,27,53
309.9624,2.0260,1.0000,0,27,53
317.4559,2.0260,1.0000,0,26,53
325.1305,2.0260,1.0000,0,26,53
332.9906,2.0260,1.0000,0,27,53
341.0408,2.0260,1.0000,0,27,53
349.2856,2.0260,1.0000,0,27,53
357.7297,2.0260,1.0000,0,27,53
366.3780,2.0260,1.0000,0,27,53
375.2353,2.0260,1.0000,0,27,53
384.3068,2.0260,1.0000,0,27,53
393.5975,2.0260,1.0000,0,27,53
403.1129,2.0260,1.0000,0,27,53
412.8583,2.0260,1.0000,0,27,53
422.8393,2.0260,1.0000,0,27,53
433.0616,2.0260,1.0000,0,27,53
443.5310,2.0260,1.0000,0,27,53
454.2536,2.0260,1.0000,0,27,53
465.2353,2.0260,1.0000,0,27,53
476.4826,2.0260,1.0000,0,27,53
488.0017,2.0260,1.0000,0,27,53
499.7993,2.0260,1.0000,0,27,53
511.8822,2.0260,1.0000,0,27,53
524.2571,2.0260,1.0000,0,27,53
536.9313,2.0260,1.0000,0,27,53
549.9118,2.0260,1.0000,0,27,53
563.2061,2.0260,1.0000,0,27,53
576.8218,2.0260,1.0000,0,27,53
590.7667,2.0260,1.0000,0,27,53
605.0487,2.0260,1.0000,0,27,53
619.6760,2.0260,1.0000,0,27,53
634.6569,2.0260,1.0000,0,27,53
650.0000,2.0260,1.0000,0,27,53
250.0000,2.0280,1.0000,0,26,53
256.0438,2.0280,1.0000,0,26,53
262.2338,2.0280,1.0000,0,26,53
268.5734,2.0280,1.0000,0,26,53
275.0663,2.0280,1.0000,0,26,53
281.7161,2.0280,1.0000,0,26,53
288.5267,2.0280,1.0000,0,26,53
295.5019,2.0280,1.0000,0,26,53
302.6458,2.0280,1.0000,0,26,53
309.9624,2.0280,1.0000,0,27,53
317.4559,2.0280,1.0000,0,27,53
325.1305,2.0280,1.0000,0,27,53
332.9906,2.0280,1.0000,0,27,53
341.0408,2.0280,1.0000,0,27,53
349.2856,2.0280,1.0000,0,27,53
357.7297,2.0280,1.0000,0,27,53
366.3780,2.0280,1.0000,0,27,53
375.2353,2.0280,1.0000,0,27,53
384.3068,2.0280,1.0000,0,27,53
393.5975,2.0280,1.0000,0,27,53
403.1129,2.0280,1.0000,0,27,53
412.8583,2.0280,1.0000,0,27,53
422.8393,2.0280,1.0000,0,27,53
433.0616,2.0280,1.0000,0,27,53
443.5310,2.0280,1.0000,0,27,53
454.2536,2.0280,1.0000,0,27,53
465.2353,2.0280,1.0000,0,27,53
476.4826,2.0280,1.0000,0,27,53
488.0017,2.0280,1.0000,0,27,53
499.7993,2.0280,1.0000,0,27,53
511.8822,2.0280,1.0000,0,27,53
524.2571,2.0280,1.0000,0,27,53
536.9313,2.0280,1.0000,0,27,53
549.9118,2.0280,1.0000,0,27,53
563.2061,2.0280,1.0000,0,27,53
576.8218,2.0280,1.0000,0,27,53
590.7667,2.0280,1.0000,0,27,53
605.0487,2.0280,1.0000,0,27,53
619.6760,2.0280,1.0000,0,27,53
634.6569,2.0280,1.0000,0,27,53
650.0000,2.0280,1.0000,0,27,53
250.0000,2.0300,1.0000,0,26,54
256.0438,2.0300,1.0000,0,26,54
262.2338,2.0300,1.0000,0,26,54
268.5734,2.0300,1.0000,0,26,54
275.0663,2.0300,1.0000,0,26,54
281.7161,2.0300,1.0000,0,26,54
288.5267,2.0300,1.0000,0,27,54
295.5019,2.0300,1.0000,0,27,54
302.6458,2.0300,1.0000,0,27,54
309.9624,2.0300,1.0000,0,27,54
317.4559,2.0300,1.0000,0,27,54
325.1305,2.0300,1.0000,0,27,54
332.9906,2.0300,1.0000,0,27,54
341.0408,2.0300,1.0000,0,27,54
349.2856,2.0300,1.0000,0,27,54
357.7297,2.0300,1.0000,0,27,54
366.3780,2.0300,1.0000,0,27,54
375.2353,2.0300,1.0000,0,27,54
384.3068,2.0300,1.0000,0,27,54
393.5975,2.0300,1.0000,0,27,54
403.1129,2.0300,1.0000,0,27,54
412.8583,2.0300,1.0000,0,27,54
422.8393,2.0300,1.0000,0,27,54
433.0616,2.0300,1.0000,0,27,54
443.5310,2.0300,1.0000,0,27,54
454.2536,2.0300,1.0000,0,27,54
465.2353,2.0300,1.0000,0,27,54
476.4826,2.0300,1.0000,0,27,54
488.0017,2.0300,1.0000,0,27,54
499.7993,2.0300,1.0000,0,27,54
511.8822,2.0300,1.0000,0,27,54
524.2571,2.0300,1.0000,0,27,54
536.9313,2.0300,1.0000,0,27,54
549.9118,2.0300,1.0000,0,27,54
563.2061,2.0300,1.0000,0,27,54
576.8218,2.0300,1.0000,0,27,54
590.7667,2.0300,1.0000,0,27,54
605.0487,2.0300,1.0000,0,27,54
619.6760,2.0300,1.0000,0,27,54
634.6569,2.0300,1.0000,0,27,54
650.0000,2.0300,1.0000,0,27,54
250.0000,2.0320,1.0000,0,29,52
256.0438,2.0320,1.0000,0,29,52
262.2338,2.0320,1.0000,0,29,52
268.5734,2.0320,1.0000,0,29,53
275.0663,2.0320,1.0000,0,29,53
281.7161,2.0320,1.0000,0,29,53
288.5267,2.0320,1.0000,0,29,53
295.5019,2.0320,1.0000,0,29,53
302.6458,2.0320,1.0000,0,29,53
309.9624,2.0320,1.0000,0,29,53
317.4559,2.0320,1.0000,0,29,53
325.1305,2.0320,1.0000,0,29,53
332.9906,2.0320,1.0000,0,29,53
341.0408,2.0320,1.0000,0,29,53
349.2856,2.0320,1.0000,0,29,53
357.7297,2.0320,1.0000,0,29,53
366.3780,2.0320,1.0000,0,29,53
375.2353,2.0320,1.0000,0,29,53
384.3068,2.0320,1.0000,0,29,53
393.5975,2.0320,1.0000,0,29,53
403.1129,2.0320,1.0000,0,29,53
412.8583,2.0320,1.0000,0,29,53
422.8393,2.0320,1.0000,0,29,53
433.0616,2.0320,1.0000,0,29,53
443.5310,2.0320,1.0000,0,29,53
454.2536,2.0320,1.0000,0,29,53
465.2353,2.0320,1.0000,0,29,53
476.4826,2.0320,1.0000,0,29,53
488.0017,2.0320,1.0000,0,29,53
499.7993,2.0320,1.0000,0,29,53
511.8822,2.0320,1.0000,0,29,53
524.2571,2.0320,1.0000,0,29,53
536.9313,2.0320,1.0000,0,29,53
549.9118,2.0320,1.0000,0,29,53
563.2061,2.0320,1.0000,0,29,53
576.8218,2.0320,1.0000,0,29,53
590.7667,2.0320,1.0000,0,29,53
605.0487,2.0320,1.0000,0,29,53
619.6760,2.0320,1.0000,0,29,53
634.6569,2.0320,1.0000,0,29,53
650.0000,2.0320,1.0000,0,29,53
250.0000,2.0340,1.6849,0,28,53
256.0438,2.0340,1.7007,0,28,53
262.2338,2.0340,1.7159,0,28,53
268.5734,2.0340,1.7303,0,28,53
275.0663,2.0340,1.7440,0,28,52
281.7161,2.0340,1.7571,0,28,52
288.5267,2.0340,1.7697,0,28,52
295.5019,2.0340,1.7816,0,28,52
302.6458,2.0340,1.7930,0,28,52
309.9624,2.0340,1.8039,0,28,52
317.4559,2.0340,1.8142,0,28,52
325.1305,2.0340,1.8241,0,28,52
332.9906,2.0340,1.8336,0,28,52
341.0408,2.0340,1.8426,0,28,52
349.2856,2.0340,1.8511,0,28,52
357.7297,2.0340,1.8593,0,28,52
366.3780,2.0340,1.8671,0,28,52
375.2353,2.0340,1.8746,0,28,52
384.3068,2.0340,1.8817,0,28,52
393.5975,2.0340,1.8885,0,28,52
403.1129,2.0340,1.8949,0,28,52
412.8583,2.0340,1.9011,0,28,52
422.8393,2.0340,1.9070,0,28,52
433.0616,2.0340,1.9126,0,28,52
443.5310,2.0340,1.9179,0,28,52
454.2536,2.0340,1.9230,0,28,52
465.2353,2.0340,1.9279,0,28,52
476.4826,2.0340,1.9325,0,28,52
488.0017,2.0340,1.9370,0,28,52
499.7993,2.0340,1.9412,0,28,52
511.8822,2.0340,1.9452,0,28,52
524.2571,2.0340,1.9490,0,28,52
536.9313,2.0340,1.9527,0,28,52
549.9118,2.0340,1.9562,0,28,52
563.2061,2.0340,1.9595,0,28,52
576.8218,2.0340,1.9627,0,28,52
590.7667,2.0340,1.9657,0,28,52
605.0487,2.0340,1.9686,0,28,52
619.6760,2.0340,1.9713,0,28,52
634.6569,2.0340,1.9739,0,28,52
650.0000,2.0340,1.9764,0,28,52
250.0000,2.0360,1.0000,0,29,53
256.0438,2.0360,1.0000,0,29,53
262.2338,2.0360,1.0000,0,29,53
268.5734,2.0360,1.0000,0,29,53
275.0663,2.0360,1.0000,0,29,53
281.7161,2.0360,1.0000,0,29,53
288.5267,2.0360,1.0000,0,29,53
295.5019,2.0360,1.0000,0,29,53
302.6458,2.0360,1.0000,0,29,53
309.9624,2.0360,1.0000,0,29,53
317.4559,2.0360,1.0000,0,29,53
325.1305,2.0360,1.0000,0,29,53
332.9906,2.0360,1.0000,0,29,53
341.0408,2.0360,1.0000,0,29,53
349.2856,2.0360,1.0000,0,29,53
357.7297,2.0360,1.0000,0,29,53
366.3780,2.0360,1.0000,0,29,53
375.2353,2.0360,1.0000,0,29,53
384.3068,2.0360,1.0000,0,29,53
393.5975,2.0360,1.0000,0,29,53
403.1129,2.0360,1.0000,0,29,53
412.8583,2.0360,1.0000,0,29,53
422.8393,2.0360,1.0000,0,29,53
433.0616,2.0360,1.0000,0,29,53
443.5310,2.0360,1.0000,0,29,53
454.2536,2.0360,1.0000,0,29,53
465.2353,2.0360,1.0000,0,29,53
476.4826,2.0360,1.0000,0,29,53
488.0017,2.0360,1.0000,0,29,53
499.7993,2.0360,1.0000,0,29,53
511.8822,2.0360,1.0000,0,29,53
524.2571,2.0360,1.0000,0,29,53
536.9313,2.0360,1.0000,0,29,53
549.9118,2.0360,1.0000,0,29,53
563.2061,2.0360,1.0000,0,29,53
576.8218,2.0360,1.0000,0,29,53
590.7667,2.0360,1.0000,0,29,53
605.0487,2.0360,1.0000,0,29,53
619.6760,2.0360,1.0000,0,29,53
634.6569,2.0360,1.0000,0,29,53
650.0000,2.0360,1.0000,0,29,53
250.0000,2.0380,1.6115,0,28,52
256.0438,2.0380,1.5986,0,28,52
262.2338,2.0380,1.5863,0,28,52
268.5734,2.0380,1.5745,0,28,52
275.0663,2.0380,1.5634,0,28,52
281.7161,2.0380,1.5527,0,28,52
288.5267,2.0380,1.5425,0,28,52
295.5019,2.0380,1.5328,0,28,51
302.6458,2.0380,1.5235,0,28,51
309.9624,2.0380,1.5147,0,28,51
317.4559,2.0380,1.5063,0,28,51
325.1305,2.0380,1.4982,0,28,51
332.9906,2.0380,1.4905,0,28,51
341.0408,2.0380,1.4832,0,28,51
349.2856,2.0380,1.4763,0,28,52
357.7297,2.0380,1.4696,0,28,52
366.3780,2.0380,1.4633,0,28,52
375.2353,2.0380,1.4572,0,28,52
384.3068,2.0380,1.4514,0,28,52
393.5975,2.0380,1.4459,0,28,52
403.1129,2.0380,1.4407,0,28,52
412.8583,2.0380,1.4357,0,28,52
422.8393,2.0380,1.4309,0,28,52
433.0616,2.0380,1.4264,0,28,52
443.5310,2.0380,1.4220,0,28,52
454.2536,2.0380,1.4179,0,28,52
465.2353,2.0380,1.4139,0,28,52
476.4826,2.0380,1.4102,0,28,52
488.0017,2.0380,1.4066,0,28,52
499.7993,2.0380,1.4032,0,28,52
511.8822,2.0380,1.3999,0,28,52
524.2571,2.0380,1.3968,0,28,52
536.9313,2.0380,1.3938,0,28,52
549.9118,2.0380,1.3910,0,28,52
563.2061,2.0380,1.3883,0,28,52
576.8218,2.0380,1.3857,0,28,52
590.7667,2.0380,1.3833,0,28,52
605.0487,2.0380,1.3809,0,28,52
619.6760,2.0380,1.3787,0,28,52
634.6569,2.0380,1.3766,0,28,52
650.0000,2.0380,1.3745,0,28,52
250.0000,2.0400,1.0000,0,28,53
256.0438,2.0400,1.0000,0,28,53
262.2338,2.0400,1.0000,0,28,53
268.5734,2.0400,1.0000,0,28,53
275.0663,2.0400,1.0000,0,28,53
281.7161,2.0400,1.0000,0,28,53
288.5267,2.0400,1.0000,0,28,53
295.5019,2.0400,1.0000,0,28,53
302.6458,2.0400,1.0000,0,28,53
309.9624,2.0400,1.0000,0,28,53
317.4559,2.0400,1.0000,0,28,53
325.1305,2.0400,1.0000,0,28,53
332.9906,2.0400,1.0000,0,28,53
341.0408,2.0400,1.0000,0,28,53
349.2856,2.0400,1.0000,0,28,53
357.7297,2.0400,1.0000,0,28,53
366.3780,2.0400,1.0000,0,28,53
375.2353,2.0400,1.0000,0,28,53
384.3068,2.0400,1.0000,0,28,53
393.5975,2.0400,1.0000,0,28,53
403.1129,2.0400,1.0000,0,28,53
412.8583,2.0400,1.0000,0,28,53
422.8393,2.0400,1.0000,0,28,53
433.0616,2.0400,1.0000,0,28,53
443.5310,2.0400,1.0000,0,28,53
454.2536,2.0400,1.0000,0,28,53
465.2353,2.0400,1.0000,0,28,53
476.4826,2.0400,1.0000,0,28,53
488.0017,2.0400,1.0000,0,28,53
499.7993,2.0400,1.0000,0,28,53
511.8822,2.0400,1.0000,0,28,53
524.2571,2.0400,1.0000,0,28,53
536.9313,2.0400,1.0000,0,28,53
549.9118,2.0400,1.0000,0,28,53
563.2061,2.0400,1.0000,0,28,53
576.8218,2.0400,1.0000,0,28,53
590.7667,2.0400,1.0000,0,28,53
605.0487,2.0400,1.0000,0,28,53
619.6760,2.0400,1.0000,0,28,53
634.6569,2.0400,1.0000,0,28,53
650.0000,2.0400,1.0000,0,28,53
250.0000,2.0420,1.0000,0,28,51
256.0438,2.0420,1.0000,0,28,51
262.2338,2.0420,1.0000,0,28,51
268.5734,2.0420,1.0000,0,28,51
275.0663,2.0420,1.0000,0,28,51
281.7161,2.0420,1.0000,0,28,51
288.5267,2.0420,1.0000,0,28,51
295.5019,2.0420,1.0000,0,28,51
302.6458,2.0420,1.0000,0,28,51
309.9624,2.0420,1.0000,0,28,51
317.4559,2.0420,1.0000,0,28,51
325.1305,2.0420,1.0000,0,28,51
332.9906,2.0420,1.0000,0,28,51
341.0408,2.0420,1.0000,0,28,51
349.2856,2.0420,1.0000,0,28,51
357.7297,2.0420,1.0000,0,28,51
366.3780,2.0420,1.0000,0,28,51
375.2353,2.0420,1.0000,0,28,51
384.3068,2.0420,1.0000,0,28,51
393.5975,2.0420,1.0000,0,28,51
403.1129,2.0420,1.0000,0,28,51
412.8583,2.0420,1.0000,0,28,51
422.8393,2.0420,1.0000,0,28,51
433.0616,2.0420,1.0000,0,28,51
443.5310,2.0420,1.0000,0,28,51
454.2536,2.0420,1.0000,0,28,51
465.2353,2.0420,1.0000,0,28,51
476.4826,2.0420,1.0000,0,28,51
488.0017,2.0420,1.0000,0,28,51
499.7993,2.0420,1.0000,0,28,51
511.8822,2.0420,1.0000,0,28,51
524.2571,2.0420,1.0000,0,28,51
536.9313,2.0420,1.0000,0,28,51
549.9118,2.0420,1.0000,0,28,51
563.2061,2.0420,1.0000,0,28,51
576.8218,2.0420,1.0000,0,28,51
590.7667,2.0420,1.0000,0,28,51
605.0487,2.0420,1.0000,0,28,51
619.6760,2.0420,1.0000,0,28,51
634.6569,2.0420,1.0000,0,28,51
650.0000,2.0420,1.0000,0,28,51
250.0000,2.0440,1.5002,0,28,51
256.0438,2.0440,1.5096,0,28,51
262.2338,2.0440,1.5187,0,28,51
268.5734,2.0440,1.5273,0,28,51
275.0663,2.0440,1.5355,0,28,51
281.7161,2.0440,1.5433,0,28,51
288.5267,2.0440,1.5508,0,28,51
295.5019,2.0440,1.5579,0,28,51
302.6458,2.0440,1.5647,0,28,51
309.9624,2.0440,1.5712,0,28,51
317.4559,2.0440,1.5774,0,28,51
325.1305,2.0440,1.5833,0,28,51
332.9906,2.0440,1.5889,0,28,51
341.0408,2.0440,1.5943,0,28,51
349.2856,2.0440,1.5994,0,28,51
357.7297,2.0440,1.6043,0,28,51
366.3780,2.0440,1.6089,0,28,51
375.2353,2.0440,1.6134,0,28,51
384.3068,2.0440,1.6176,0,28,51
393.5975,2.0440,1.6216,0,28,51
403.1129,2.0440,1.6255,0,28,51
412.8583,2.0440,1.6291,0,28,51
422.8393,2.0440,1.6326,0,28,51
433.0616,2.0440,1.6360,0,28,51
443.5310,2.0440,1.6392,0,28,51
454.2536,2.0440,1.6422,0,28,51
465.2353,2.0440,1.6451,0,28,51
476.4826,2.0440,1.6478,0,28,51
488.0017,2.0440,1.6505,0,28,51
499.7993,2.0440,1.6530,0,28,51
511.8822,2.0440,1.6554,0,28,51
524.2571,2.0440,1.6576,0,28,51
536.9313,2.0440,1.6598,0,28,51
549.9118,2.0440,1.6619,0,28,51
563.2061,2.0440,1.6639,0,28,51
576.8218,2.0440,1.6657,0,28,51
590.7667,2.0440,1.6675,0,28,51
605.0487,2.0440,1.6693,0,28,51
619.6760,2.0440,1.6709,0,28,51
634.6569,2.0440,1.6724,0,28,51
650.0000,2.0440,1.6739,0,28,51
250.0000,2.0460,1.0000,0,28,51
256.0438,2.0460,1.0000,0,28,51
262.2338,2.0460,1.0000,0,28,51
268.5734,2.0460,1.0000,0,28,51
275.0663,2.0460,1.0000,0,28,51
281.7161,2.0460,1.0000,0,28,51
288.5267,2.0460,1.0000,0,28,51
295.5019,2.0460,1.0000,0,28,51
302.6458,2.0460,1.0000,0,28,51
309.9624,2.0460,1.0000,0,28,51
317.4559,2.0460,1.0000,0,28,51
325.1305,2.0460,1.0000,0,28,51
332.9906,2.0460,1.0000,0,28,51
341.0408,2.0460,1.0000,0,28,51
349.2856,2.0460,1.0000,0,28,51
357.7297,2.0460,1.0000,0,28,51
366.3780,2.0460,1.0000,0,28,51
375.2353,2.0460,1.0000,0,28,51
384.3068,2.0460,1.0000,0,28,51
393.5975,2.0460,1.0000,0,28,51
403.1129,2.0460,1.0000,0,28,51
412.8583,2.0460,1.0000,0,28,51
422.8393,2.0460,1.0000,0,28,51
433.0616,2.0460,1.0000,0,28,51
443.5310,2.0460,1.0000,0,28,51
454.2536,2.0460,1.0000,0,28,51
465.2353,2.0460,1.0000,0,28,51
476.4826,2.0460,1.0000,0,28,51
488.0017,2.0460,1.0000,0,28,51
499.7993,2.0460,1.0000,0,28,51
511.8822,2.0460,1.0000,0,28,51
524.2571,2.0460,1.0000,0,28,51
536.9313,2.0460,1.0000,0,28,51
549.9118,2.0460,1.0000,0,28,51
563.2061,2.0460,1.0000,0,28,51
576.8218,2.0460,1.0000,0,28,51
590.7667,2.0460,1.0000,0,28,51
605.0487,2.0460,1.0000,0,28,51
619.6760,2.0460,1.0000,0,28,51
634.6569,2.0460,1.0000,0,28,51
650.0000,2.0460,1.0000,0,28,51
250.0000,2.0480,1.9634,0,27,50
256.0438,2.0480,1.9715,0,27,50
262.2338,2.0480,1.9791,0,27,50
268.5734,2.0480,1.9865,0,27,50
275.0663,2.0480,1.9934,0,27,50
281.7161,2.0480,1.9999,0,27,50
288.5267,2.0480,1.9936,0,27,50
295.5019,2.0480,1.9875,0,27,50
302.6458,2.0480,1.9817,0,27,50
309.9624,2.0480,1.9762,0,27,50
317.4559,2.0480,1.9710,0,27,50
325.1305,2.0480,1.9660,0,27,50
332.9906,2.0480,1.9612,0,27,50
341.0408,2.0480,1.9567,0,27,50
349.2856,2.0480,1.9523,0,27,50
357.7297,2.0480,1.9482,0,27,50
366.3780,2.0480,1.9442,0,27,50
375.2353,2.0480,1.9405,0,27,50
384.3068,2.0480,1.9369,0,27,50
393.5975,2.0480,1.9335,0,27,50
403.1129,2.0480,1.9302,0,27,50
412.8583,2.0480,1.9271,0,27,50
422.8393,2.0480,1.9241,0,27,50
433.0616,2.0480,1.9213,0,27,50
443.5310,2.0480,1.9186,0,27,50
454.2536,2.0480,1.9160,0,27,50
465.2353,2.0480,1.9136,0,27,50
476.4826,2.0480,1.9112,0,27,50
488.0017,2.0480,1.9090,0,27,50
499.7993,2.0480,1.9069,0,27,50
511.8822,2.0480,1.9048,0,27,50
524.2571,2.0480,1.9029,0,27,50
536.9313,2.0480,1.9011,0,27,50
549.9118,2.0480,1.8993,0,27,50
563.2061,2.0480,1.8976,0,27,50
576.8218,2.0480,1.8960,0,27,50
590.7667,2.0480,1.8945,0,27,50
605.0487,2.0480,1.8931,0,27,50
619.6760,2.0480,1.8917,0,27,50
634.6569,2.0480,1.8904,0,27,50
650.0000,2.0480,1.8891,0,27,50
250.0000,2.0500,1.0000,0,27,51
256.0438,2.0500,1.0000,0,27,51
262.2338,2.0500,1.0000,0,27,51
268.5734,2.0500,1.0000,0,27,51
275.0663,2.0500,1.0000,0,27,51
281.7161,2.0500,1.0000,0,27,51
288.5267,2.0500,1.0000,0,27,51
295.5019,2.0500,1.0000,0,27,51
302.6458,2.0500,1.0000,0,27,51
309.9624,2.0500,1.0000,0,27,51
317.4559,2.0500,1.0000,0,27,51
325.1305,2.0500,1.0000,0,27,51
332.9906,2.0500,1.0000,0,27,51
341.0408,2.0500,1.0000,0,27,51
349.2856,2.0500,1.0000,0,27,51
357.7297,2.0500,1.0000,0,27,51
366.3780,2.0500,1.0000,0,27,51
375.2353,2.0500,1.0000,0,27,51
384.3068,2.0500,1.0000,0,27,51
393.5975,2.0500,1.0000,0,27,51
403.1129,2.0500,1.0000,0,27,51
412.8583,2.0500,1.0000,0,27,51
422.8393,2.0500,1.0000,0,27,51
433.0616,2.0500,1.0000,0,27,51
443.5310,2.0500,1.0000,0,27,51
454.2536,2.0500,1.0000,0,27,51
465.2353,2.0500,1.0000,0,27,51
476.4826,2.0500,1.0000,0,27,51
488.0017,2.0500,1.0000,0,27,51
499.7993,2.0500,1.0000,0,27,51
511.8822,2.0500,1.0000,0,27,51
524.2571,2.0500,1.0000,0,27,51
536.9313,2.0500,1.0000,0,27,51
549.9118,2.0500,1.0000,0,27,51
563.2061,2.0500,1.0000,0,27,51
576.8218,2.0500,1.0000,0,27,51
590.7667,2.0500,1.0000,0,27,51
605.0487,2.0500,1.0000,0,27,51
619.6760,2.0500,1.0000,0,27,51
634.6569,2.0500,1.0000,0,27,51
650.0000,2.0500,1.0000,0,27,51
250.0000,2.0520,1.2383,0,27,50
256.0438,2.0520,1.2313,0,27,50
262.2338,2.0520,1.2247,0,27,50
268.5734,2.0520,1.2183,0,27,50
275.0663,2.0520,1.2123,0,27,50
281.7161,2.0520,1.2065,0,27,50
288.5267,2.0520,1.2010,0,27,50
295.5019,2.0520,1.1958,0,27,50
302.6458,2.0520,1.1908,0,27,50
309.9624,2.0520,1.1860,0,27,50
317.4559,2.0520,1.1815,0,27,50
325.1305,2.0520,1.1771,0,27,50
332.9906,2.0520,1.1730,0,27,50
341.0408,2.0520,1.1691,0,27,50
349.2856,2.0520,1.1653,0,27,50
357.7297,2.0520,1.1617,0,27,50
366.3780,2.0520,1.1583,0,27,50
375.2353,2.0520,1.1550,0,27,50
384.3068,2.0520,1.1519,0,27,50
393.5975,2.0520,1.1490,0,27,50
403.1129,2.0520,1.1461,0,27,50
412.8583,2.0520,1.1435,0,27,50
422.8393,2.0520,1.1409,0,27,50
433.0616,2.0520,1.1384,0,27,50
443.5310,2.0520,1.1361,0,27,50
454.2536,2.0520,1.1339,0,27,50
465.2353,2.0520,1.1318,0,27,50
476.4826,2.0520,1.1297,0,27,50
488.0017,2.0520,1.1278,0,27,50
499.7993,2.0520,1.1260,0,27,50
511.8822,2.0520,1.1242,0,27,50
524.2571,2.0520,1.1225,0,27,50
536.9313,2.0520,1.1209,0,27,50
549.9118,2.0520,1.1194,0,27,50
563.2061,2.0520,1.1180,0,27,50
576.8218,2.0520,1.1166,0,27,50
590.7667,2.0520,1.1153,0,27,50
605.0487,2.0520,1.1140,0,27,50
619.6760,2.0520,1.1128,0,27,50
634.6569,2.0520,1.1117,0,27,50
650.0000,2.0520,1.1106,0,27,50
250.0000,2.0540,1.3655,0,27,50
256.0438,2.0540,1.3718,0,27,50
262.2338,2.0540,1.3778,0,27,50
268.5734,2.0540,1.3835,0,27,50
275.0663,2.0540,1.3889,0,27,50
281.7161,2.0540,1.3941,0,27,50
288.5267,2.0540,1.3991,0,27,50
295.5019,2.0540,1.4038,0,27,50
302.6458,2.0540,1.4083,0,27,50
309.9624,2.0540,1.4126,0,27,50
317.4559,2.0540,1.4167,0,27,50
325.1305,2.0540,1.4206,0,27,50
332.9906,2.0540,1.4244,0,27,50
341.0408,2.0540,1.4279,0,27,50
349.2856,2.0540,1.4313,0,27,50
357.7297,2.0540,1.4345,0,27,50
366.3780,2.0540,1.4376,0,27,50
375.2353,2.0540,1.4406,0,27,50
384.3068,2.0540,1.4434,0,27,50
393.5975,2.0540,1.4460,0,27,50
403.1129,2.0540,1.4486,0,27,50
412.8583,2.0540,1.4510,0,27,50
422.8393,2.0540,1.4533,0,27,50
433.0616,2.0540,1.4555,0,27,50
443.5310,2.0540,1.4576,0,27,50
454.2536,2.0540,1.4597,0,27,50
465.2353,2.0540,1.4616,0,27,50
476.4826,2.0540,1.4634,0,27,50
488.0017,2.0540,1.4651,0,27,50
499.7993,2.0540,1.4668,0,27,50
511.8822,2.0540,1.4684,0,27,50
524.2571,2.0540,1.4699,0,27,50
536.9313,2.0540,1.4713,0,27,50
549.9118,2.0540,1.4727,0,27,50
563.2061,2.0540,1.4740,0,27,50
576.8218,2.0540,1.4752,0,27,50
590.7667,2.0540,1.4764,0,27,50
605.0487,2.0540,1.4776,0,27,50
619.6760,2.0540,1.4786,0,27,50
634.6569,2.0540,1.4797,0,27,50
650.0000,2.0540,1.4807,0,27,50
250.0000,2.0560,1.0000,0,27,51
256.0438,2.0560,1.0000,0,27,51
262.2338,2.0560,1.0000,0,27,51
268.5734,2.0560,1.0000,0,27,51
275.0663,2.0560,1.0000,0,27,51
281.7161,2.0560,1.0000,0,27,51
288.5267,2.0560,1.0000,0,27,51
295.5019,2.0560,1.0000,0,27,51
302.6458,2.0560,1.0000,0,27,51
309.9624,2.0560,1.0000,0,27,51
317.4559,2.0560,1.0000,0,27,51
325.1305,2.0560,1.0000,0,27,51
332.9906,2.0560,1.0000,0,27,51
341.0408,2.0560,1.0000,0,27,51
349.2856,2.0560,1.0000,0,27,51
357.7297,2.0560,1.0000,0,27,51
366.3780,2.0560,1.0000,0,27,51
375.2353,2.0560,1.0000,0,27,51
384.3068,2.0560,1.0000,0,27,51
393.5975,2.0560,1.0000,0,27,51
403.1129,2.0560,1.0000,0,27,51
412.8583,2.0560,1.0000,0,27,51
422.8393,2.0560,1.0000,0,27,51
433.0616,2.0560,1.0000,0,27,51
443.5310,2.0560,1.0000,0,27,51
454.2536,2.0560,1.0000,0,27,51
465.2353,2.0560,1.0000,0,27,51
476.4826,2.0560,1.0000,0,27,51
488.0017,2.0560,1.0000,0,27,51
499.7993,2.0560,1.0000,0,27,51
511.8822,2.0560,1.0000,0,27,51
524.2571,2.0560,1.0000,0,27,51
536.9313,2.0560,1.0000,0,27,51
549.9118,2.0560,1.0000,0,27,51
563.2061,2.0560,1.0000,0,27,51
576.8218,2.0560,1.0000,0,27,51
590.7667,2.0560,1.0000,0,27,51
605.0487,2.0560,1.0000,0,27,51
619.6760,2.0560,1.0000,0,27,51
634.6569,2.0560,1.0000,0,27,51
650.0000,2.0560,1.0000,0,27,51
250.0000,2.0580,1.8463,0,27,47
256.0438,2.0580,1.8408,0,27,47
262.2338,2.0580,1.8355,0,27,47
268.5734,2.0580,1.8304,0,27,47
275.0663,2.0580,1.8256,0,27,47
281.7161,2.0580,1.8211,0,27,47
288.5267,2.0580,1.8167,0,27,47
295.5019,2.0580,1.8125,0,27,47
302.6458,2.0580,1.8086,0,27,47
309.9624,2.0580,1.8048,0,27,47
317.4559,2.0580,1.8012,0,27,47
325.1305,2.0580,1.7977,0,27,47
332.9906,2.0580,1.7944,0,27,47
341.0408,2.0580,1.7913,0,27,47
349.2856,2.0580,1.7883,0,27,47
357.7297,2.0580,1.7855,0,27,47
366.3780,2.0580,1.7827,0,27,47
375.2353,2.0580,1.7802,0,27,47
384.3068,2.0580,1.7777,0,27,47
393.5975,2.0580,1.7753,0,27,47
403.1129,2.0580,1.7731,0,27,47
412.8583,2.0580,1.7710,0,27,47
422.8393,2.0580,1.7689,0,27,47
433.0616,2.0580,1.7670,0,27,47
443.5310,2.0580,1.7651,0,27,47
454.2536,2.0580,1.7633,0,27,47
465.2353,2.0580,1.7617,0,27,47
476.4826,2.0580,1.7601,0,27,47
488.0017,2.0580,1.7585,0,27,47
499.7993,2.0580,1.7596,0,27,47
511.8822,2.0580,1.7610,0,27,47
524.2571,2.0580,1.7623,0,27,47
536.9313,2.0580,1.7635,0,27,47
549.9118,2.0580,1.7647,0,27,47
563.2061,2.0580,1.7659,0,27,47
576.8218,2.0580,1.7670,0,27,47
590.7667,2.0580,1.7680,0,27,47
605.0487,2.0580,1.7690,0,27,47
619.6760,2.0580,1.7699,0,27,47
634.6569,2.0580,1.7708,0,27,47
650.0000,2.0580,1.7717,0,27,47
250.0000,2.0600,1.0000,0,26,51
256.0438,2.0600,1.0000,0,26,51
262.2338,2.0600,1.0000,0,26,51
268.5734,2.0600,1.0000,0,26,51
275.0663,2.0600,1.0000,0,26,51
281.7161,2.0600,1.0000,0,26,51
288.5267,2.0600,1.0000,0,26,51
295.5019,2.0600,1.0000,0,26,51
302.6458,2.0600,1.0000,0,26,51
309.9624,2.0600,1.0000,0,26,51
317.4559,2.0600,1.0000,0,26,51
325.1305,2.0600,1.0000,0,26,51
332.9906,2.0600,1.0000,0,26,51
341.0408,2.0600,1.0000,0,26,51
349.2856,2.0600,1.0000,0,26,51
357.7297,2.0600,1.0000,0,26,51
366.3780,2.0600,1.0000,0,26,51
375.2353,2.0600,1.0000,0,26,51
384.3068,2.0600,1.0000,0,26,51
393.5975,2.0600,1.0000,0,26,51
403.1129,2.0600,1.0000,0,26,51
412.8583,2.0600,1.0000,0,26,51
422.8393,2.0600,1.0000,0,26,51
433.0616,2.0600,1.0000,0,26,51
443.5310,2.0600,1.0000,0,26,51
454.2536,2.0600,1.0000,0,26,51
465.2353,2.0600,1.0000,0,26,51
476.4826,2.0600,1.0000,0,26,51
488.0017,2.0600,1.0000,0,26,51
499.7993,2.0600,1.0000,0,26,51
511.8822,2.0600,1.0000,0,26,51
524.2571,2.0600,1.0000,0,26,51
536.9313,2.0600,1.0000,0,26,51
549.9118,2.0600,1.0000,0,26,51
563.2061,2.0600,1.0000,0,26,51
576.8218,2.0600,1.0000,0,26,51
590.7667,2.0600,1.0000,0,26,51
605.0487,2.0600,1.0000,0,26,51
619.6760,2.0600,1.0000,0,26,51
634.6569,2.0600,1.0000,0,26,51
650.0000,2.0600,1.0000,0,26,51
