index,eigenvalue,sqrt_eigenvalue,enrichment
0,1.72655300e-15,4.15518110e-08,1.000000
1,7.54922628e-04,2.74758554e-02,0.998837
2,7.54922628e-04,2.74758554e-02,0.998837
3,3.08364577e-03,5.55305841e-02,1.003278
4,3.08364577e-03,5.55305841e-02,1.003278
5,6.86353880e-03,8.28464773e-02,0.977048
6,6.91143980e-03,8.31350696e-02,1.027024
7,1.22168324e-02,1.10529781e-01,1.001917
8,1.22168324e-02,1.10529781e-01,1.001917
9,1.90537387e-02,1.38035281e-01,1.001774
10,1.90537387e-02,1.38035281e-01,1.001774
11,2.73848502e-02,1.65483686e-01,1.006068
12,2.73848914e-02,1.65483810e-01,0.997341
13,3.71946683e-02,1.92859193e-01,1.001670
14,3.71946683e-02,1.92859193e-01,1.001670
15,4.84650160e-02,2.20147714e-01,1.001651
16,4.84650160e-02,2.20147714e-01,1.001651
17,6.11751433e-02,2.47336094e-01,1.001744
18,6.11752090e-02,2.47336227e-01,1.001538
19,7.53018032e-02,2.74411740e-01,1.001637
20,7.53018032e-02,2.74411740e-01,1.001637
21,9.08189819e-02,3.01361879e-01,1.001636
22,9.08189819e-02,3.01361879e-01,1.001636
23,1.07697387e-01,3.28172801e-01,1.001661
24,1.07699169e-01,3.28175516e-01,1.001617
25,1.25908797e-01,3.54836296e-01,1.001645
26,1.25908797e-01,3.54836296e-01,1.001645
27,1.45417245e-01,3.81336131e-01,1.001653
28,1.45417245e-01,3.81336131e-01,1.001653
29,1.66185894e-01,4.07659042e-01,1.001667
30,1.66190108e-01,4.07664209e-01,1.001660
31,1.88183190e-01,4.33800864e-01,1.001676
32,1.88183190e-01,4.33800864e-01,1.001676
33,2.11362760e-01,4.59742059e-01,1.001692
34,2.11362760e-01,4.59742059e-01,1.001692
35,2.25406034e-01,4.74769454e-01,1.002582
36,2.25406044e-01,4.74769464e-01,1.002582
37,2.25406044e-01,4.74769464e-01,1.002582
38,2.31843600e-01,4.81501402e-01,1.000000
39,2.31843617e-01,4.81501419e-01,1.000000
40,2.31843617e-01,4.81501419e-01,1.000000
41,2.35681910e-01,4.85470812e-01,1.001707
42,2.35687223e-01,4.85476284e-01,1.001713
43,2.50024907e-01,5.00024907e-01,0.988978
44,2.50024907e-01,5.00024907e-01,0.988978
45,2.50025262e-01,5.00025261e-01,0.988978
46,2.56791721e-01,5.06746210e-01,0.987164
47,2.56791721e-01,5.06746210e-01,0.987164
48,2.56792362e-01,5.06746842e-01,0.987164
49,2.61104457e-01,5.10983813e-01,1.001730
50,2.61104457e-01,5.10983813e-01,1.001730
51,2.74058236e-01,5.23505718e-01,0.980089
52,2.74064792e-01,5.23511979e-01,0.980077
53,2.74064792e-01,5.23511979e-01,0.980077
54,2.80999319e-01,5.30093689e-01,0.978949
55,2.81011193e-01,5.30104889e-01,0.978921
56,2.81011193e-01,5.30104889e-01,0.978921
57,2.87576364e-01,5.36261470e-01,1.001754
58,2.87576364e-01,5.36261470e-01,1.001754
59,2.97131386e-01,5.45097593e-01,0.976575
60,2.97131386e-01,5.45097593e-01,0.976575
61,2.97207696e-01,5.45167585e-01,0.976312
62,3.04019493e-01,5.51379627e-01,0.976634
63,3.04019493e-01,5.51379627e-01,0.976634
64,3.04154449e-01,5.51501994e-01,0.976094
65,3.15051993e-01,5.61294925e-01,1.001777
66,3.15052787e-01,5.61295632e-01,1.001782
67,3.18369070e-01,5.64242031e-01,0.983292
68,3.18934396e-01,5.64742769e-01,0.980780
69,3.18934396e-01,5.64742769e-01,0.980780
70,3.24620908e-01,5.69755130e-01,0.987451
71,3.25598590e-01,5.70612469e-01,0.982586
72,3.25598590e-01,5.70612469e-01,0.982586
73,3.36770686e-01,5.80319469e-01,1.006627
74,3.36770686e-01,5.80319469e-01,1.006627
75,3.39914744e-01,5.83022079e-01,0.991229
76,3.42413736e-01,5.85161291e-01,1.011109
77,3.42413736e-01,5.85161291e-01,1.011109
78,3.43482954e-01,5.86074188e-01,1.001808
79,3.43482954e-01,5.86074188e-01,1.001808
80,3.45862519e-01,5.88100773e-01,1.002801
81,3.51445311e-01,5.92828231e-01,1.021722
82,3.55016137e-01,5.95832306e-01,1.033559
83,3.55886743e-01,5.96562438e-01,1.018238
84,3.55886743e-01,5.96562438e-01,1.018238
85,3.64758325e-01,6.03952254e-01,1.011038
86,3.64758325e-01,6.03952254e-01,1.011038
87,3.68959377e-01,6.07420264e-01,1.019643
88,3.68959377e-01,6.07420264e-01,1.019643
89,3.72816841e-01,6.10587292e-01,1.001838
90,3.72816841e-01,6.10587292e-01,1.001838
91,3.79374194e-01,6.15933596e-01,1.012531
92,3.79374194e-01,6.15933596e-01,1.012531
93,3.83427789e-01,6.19215463e-01,1.005862
94,3.84011722e-01,6.19686793e-01,1.015404
95,3.95525257e-01,6.28907988e-01,1.006754
96,3.95755155e-01,6.29090737e-01,1.011770
97,4.00496602e-01,6.32848008e-01,1.008225
98,4.00496602e-01,6.32848008e-01,1.008225
99,4.03001092e-01,6.34823670e-01,1.001871
100,4.03001129e-01,6.34823699e-01,1.001873
101,4.13576436e-01,6.43099087e-01,1.007447
102,4.13576436e-01,6.43099087e-01,1.007447
103,4.18862148e-01,6.47195603e-01,1.006613
104,4.18862148e-01,6.47195603e-01,1.006613
105,4.33021543e-01,6.58043725e-01,1.006309
106,4.33021543e-01,6.58043725e-01,1.006309
107,4.33981699e-01,6.58772874e-01,1.001910
108,4.33981699e-01,6.58772874e-01,1.001910
109,4.38679981e-01,6.62329209e-01,1.005271
110,4.38698529e-01,6.62343211e-01,1.005783
111,4.53871988e-01,6.73700221e-01,1.005405
112,4.53880127e-01,6.73706261e-01,1.005611
113,4.59886927e-01,6.78149635e-01,1.004749
114,4.59886927e-01,6.78149635e-01,1.004749
115,4.65703040e-01,6.82424384e-01,1.001951
116,4.65703040e-01,6.82424384e-01,1.001951
117,4.76065142e-01,6.89974740e-01,1.004918
118,4.76065142e-01,6.89974740e-01,1.004918
119,4.82383003e-01,6.94537978e-01,1.004157
120,4.82383003e-01,6.94537978e-01,1.004157
121,4.98108174e-01,7.05767791e-01,1.001998
122,4.98108178e-01,7.05767793e-01,1.001998
123,4.99525222e-01,7.06770983e-01,1.004468
124,4.99525222e-01,7.06770983e-01,1.004468
125,5.06110427e-01,7.11414385e-01,1.003696
126,5.06119623e-01,7.11420848e-01,1.003674
127,5.24192739e-01,7.24011560e-01,1.004119
128,5.24204352e-01,7.24019580e-01,1.004109
129,5.30978649e-01,7.28682818e-01,1.003447
130,5.30978649e-01,7.28682818e-01,1.003447
131,5.31185704e-01,7.28824879e-01,1.001902
132,5.31185704e-01,7.28824879e-01,1.001902
133,5.50030292e-01,7.41640271e-01,1.003829
134,5.50030292e-01,7.41640271e-01,1.003829
135,5.57053768e-01,7.46360347e-01,1.003013
136,5.57053768e-01,7.46360347e-01,1.003013
137,5.64741311e-01,7.51492722e-01,1.002067
138,5.64741311e-01,7.51492722e-01,1.002067
139,5.76967043e-01,7.59583467e-01,1.003597
140,5.76967043e-01,7.59583467e-01,1.003597
141,5.84148622e-01,7.64296161e-01,1.002737
142,5.84157378e-01,7.64301889e-01,1.002744
143,5.98847922e-01,7.73852649e-01,1.002122
144,5.98847930e-01,7.73852654e-01,1.002122
145,6.04952377e-01,7.77786845e-01,1.003397
146,6.04959211e-01,7.77791239e-01,1.003406
147,6.12264886e-01,7.82473569e-01,1.002507
148,6.12264886e-01,7.82473569e-01,1.002507
149,6.33397727e-01,7.95862882e-01,1.002215
150,6.33397727e-01,7.95862882e-01,1.002215
151,6.33947616e-01,7.96208274e-01,1.003197
152,6.33947616e-01,7.96208274e-01,1.003197
153,6.41334771e-01,8.00833797e-01,1.002303
154,6.41334771e-01,8.00833797e-01,1.002303
155,6.63873598e-01,8.14784388e-01,1.003107
156,6.63873598e-01,8.14784388e-01,1.003107
157,6.68344442e-01,8.17523359e-01,1.002219
158,6.68344442e-01,8.17523359e-01,1.002219
159,6.71306209e-01,8.19332783e-01,1.002118
160,6.71308111e-01,8.19333943e-01,1.002125
161,6.94695260e-01,8.33483809e-01,1.002980
162,6.94696388e-01,8.33484486e-01,1.002986
163,7.02125683e-01,8.37929402e-01,1.001959
164,7.02125683e-01,8.37929402e-01,1.001959
165,7.03609643e-01,8.38814427e-01,1.002275
166,7.03609666e-01,8.38814441e-01,1.002275
167,7.26352394e-01,8.52263101e-01,1.002875
168,7.26352394e-01,8.52263101e-01,1.002875
169,7.33733015e-01,8.56582171e-01,1.001811
170,7.33733015e-01,8.56582171e-01,1.001811
171,7.39137605e-01,8.59731124e-01,1.002330
172,7.39137605e-01,8.59731124e-01,1.002330
173,7.58786973e-01,8.71083792e-01,1.002779
174,7.58786973e-01,8.71083792e-01,1.002779
175,7.66070764e-01,8.75254685e-01,1.001674
176,7.66070934e-01,8.75254783e-01,1.001676
177,7.74865677e-01,8.80264550e-01,1.002387
178,7.74865677e-01,8.80264550e-01,1.002387
179,7.91942053e-01,8.89911261e-01,1.002691
180,7.91942124e-01,8.89911301e-01,1.002692
181,7.99079896e-01,8.93912689e-01,1.001550
182,7.99079896e-01,8.93912689e-01,1.001550
183,8.10731157e-01,9.00406107e-01,1.002444
184,8.10731172e-01,9.00406115e-01,1.002444
185,8.25759262e-01,9.08712970e-01,1.002611
186,8.25759262e-01,9.08712970e-01,1.002611
187,8.32699918e-01,9.12523927e-01,1.001435
188,8.32699918e-01,9.12523927e-01,1.001435
189,8.46671261e-01,9.20147412e-01,1.002501
190,8.46671261e-01,9.20147412e-01,1.002501
191,8.60179045e-01,9.27458379e-01,1.002535
192,8.60179045e-01,9.27458379e-01,1.002535
193,8.66869768e-01,9.31058413e-01,1.001327
194,8.66869794e-01,9.31058427e-01,1.001327
195,8.81866997e-01,9.39077737e-01,1.003461
196,8.81866997e-01,9.39077737e-01,1.003461
197,8.81866997e-01,9.39077737e-01,1.003461
198,8.82623148e-01,9.39480254e-01,1.002558
199,8.82623148e-01,9.39480254e-01,1.002558
200,8.95141064e-01,9.46118948e-01,1.002462
201,8.95141088e-01,9.46118961e-01,1.002463
202,8.96373890e-01,9.46770242e-01,1.006829
203,8.96373890e-01,9.46770242e-01,1.006829
204,8.96373890e-01,9.46770242e-01,1.006829
205,9.01527528e-01,9.49488034e-01,1.001227
206,9.01527528e-01,9.49488034e-01,1.001227
207,9.18524093e-01,9.58396626e-01,1.002616
208,9.18524103e-01,9.58396631e-01,1.002616
209,9.30584135e-01,9.64667889e-01,1.002393
210,9.30584135e-01,9.64667889e-01,1.002393
211,9.31159843e-01,9.64966239e-01,0.995708
212,9.31159843e-01,9.64966239e-01,0.995708
213,9.31159843e-01,9.64966239e-01,0.995708
214,9.36610454e-01,9.67786368e-01,1.001133
215,9.36610454e-01,9.67786368e-01,1.001133
216,9.46492702e-01,9.72878565e-01,0.999000
217,9.46492702e-01,9.72878565e-01,0.999000
218,9.46492702e-01,9.72878565e-01,0.999000
219,9.54311570e-01,9.76888719e-01,1.002673
220,9.54311570e-01,9.76888719e-01,1.002673
221,9.66446214e-01,9.83079963e-01,1.002325
222,9.66446214e-01,9.83079963e-01,1.002325
223,9.72055201e-01,9.85928599e-01,1.001045
224,9.72055211e-01,9.85928604e-01,1.001045
225,9.79813678e-01,9.89855383e-01,0.989263
226,9.79813678e-01,9.89855383e-01,0.989263
227,9.79813678e-01,9.89855383e-01,0.989263
228,9.89923314e-01,9.94948900e-01,1.002729
229,9.89923314e-01,9.94948900e-01,1.002729
230,9.95918332e-01,9.97957079e-01,0.992410
231,9.95918332e-01,9.97957079e-01,0.992410
232,9.95918332e-01,9.97957079e-01,0.992410
233,1.00266458e+00,1.00133140e+00,1.002258
234,1.00266460e+00,1.00133141e+00,1.002258
235,1.00779788e+00,1.00389137e+00,1.000963
236,1.00779788e+00,1.00389137e+00,1.000963
237,1.02529747e+00,1.01256974e+00,1.002785
238,1.02529748e+00,1.01256974e+00,1.002785
239,1.02768252e+00,1.01374677e+00,0.983971
240,1.02768252e+00,1.01374677e+00,0.983971
241,1.02768252e+00,1.01374677e+00,0.983971
242,1.03917590e+00,1.01939978e+00,1.002192
243,1.03917590e+00,1.01939978e+00,1.002192
244,1.04377410e+00,1.02165263e+00,1.000885
245,1.04377410e+00,1.02165263e+00,1.000885
246,1.04449222e+00,1.02200402e+00,0.986977
247,1.04449222e+00,1.02200402e+00,0.986977
248,1.04449222e+00,1.02200402e+00,0.986977
249,1.06037269e+00,1.02974399e+00,1.002839
250,1.06037269e+00,1.02974399e+00,1.002839
251,1.07464861e+00,1.03665260e+00,0.979685
252,1.07464861e+00,1.03665260e+00,0.979685
253,1.07464861e+00,1.03665260e+00,0.979685
254,1.07591624e+00,1.03726383e+00,1.002126
255,1.07591624e+00,1.03726383e+00,1.002126
256,1.07991917e+00,1.03919159e+00,1.000812
257,1.07991921e+00,1.03919161e+00,1.000812
258,1.09208231e+00,1.04502742e+00,0.982600
259,1.09208231e+00,1.04502742e+00,0.982600
260,1.09208231e+00,1.04502742e+00,0.982600
261,1.09508819e+00,1.04646461e+00,1.002892
262,1.09508819e+00,1.04646461e+00,1.002892
263,1.11282121e+00,1.05490341e+00,1.002061
264,1.11282126e+00,1.05490343e+00,1.002061
265,1.11616821e+00,1.05648862e+00,1.000744
266,1.11616821e+00,1.05648862e+00,1.000744
267,1.12058267e+00,1.05857577e+00,0.976393
268,1.12058267e+00,1.05857577e+00,0.976393
269,1.12058268e+00,1.05857578e+00,0.976393
270,1.12938390e+00,1.06272475e+00,1.002942
271,1.12938390e+00,1.06272475e+00,1.002942
272,1.13853904e+00,1.06702345e+00,0.979303
273,1.13853904e+00,1.06702345e+00,0.979303
274,1.13853907e+00,1.06702346e+00,0.979303
275,1.14982610e+00,1.07229945e+00,1.001997
276,1.14982610e+00,1.07229945e+00,1.001997
277,1.15245610e+00,1.07352508e+00,1.000679
278,1.15245610e+00,1.07352508e+00,1.000679
279,1.16320059e+00,1.07851777e+00,1.002990
280,1.16320059e+00,1.07851777e+00,1.002990
281,1.16530661e+00,1.07949368e+00,0.974282
282,1.16530672e+00,1.07949373e+00,0.974282
283,1.16530672e+00,1.07949373e+00,0.974282
284,1.18365635e+00,1.08795972e+00,0.977316
285,1.18365661e+00,1.08795984e+00,0.977315
286,1.18365661e+00,1.08795984e+00,0.977315
287,1.18686569e+00,1.08943366e+00,1.001937
288,1.18686569e+00,1.08943366e+00,1.001937
289,1.18871780e+00,1.09028336e+00,1.000617
290,1.18871782e+00,1.09028337e+00,1.000617
291,1.19647997e+00,1.09383727e+00,1.003032
292,1.19647997e+00,1.09383727e+00,1.003032
293,1.20860524e+00,1.09936584e+00,0.973761
294,1.20860524e+00,1.09936584e+00,0.973761
295,1.20860626e+00,1.09936630e+00,0.973760
296,1.22387410e+00,1.10628843e+00,1.001889
297,1.22387412e+00,1.10628845e+00,1.001889
298,1.22488838e+00,1.10674675e+00,1.000558
299,1.22488838e+00,1.10674675e+00,1.000558
300,1.22718391e+00,1.10778333e+00,0.977122
301,1.22718391e+00,1.10778333e+00,0.977122
302,1.22718627e+00,1.10778440e+00,0.977118
303,1.22916535e+00,1.10867730e+00,1.003059
304,1.22916535e+00,1.10867730e+00,1.003059
305,1.25024294e+00,1.11814263e+00,0.975473
306,1.25025054e+00,1.11814603e+00,0.975459
307,1.25025054e+00,1.11814603e+00,0.975459
308,1.26075214e+00,1.12283220e+00,1.002359
309,1.26075214e+00,1.12283220e+00,1.002359
310,1.26090306e+00,1.12289940e+00,1.000500
311,1.26090306e+00,1.12289940e+00,1.000500
312,1.26123430e+00,1.12304688e+00,1.002568
313,1.26123430e+00,1.12304688e+00,1.002568
314,1.26882942e+00,1.12642329e+00,0.979504
315,1.26884711e+00,1.12643114e+00,0.979466
316,1.26884711e+00,1.12643114e+00,0.979466
317,1.28992016e+00,1.13574652e+00,0.980318
318,1.28992016e+00,1.13574652e+00,0.980318
319,1.28996927e+00,1.13576814e+00,0.980202
320,1.29251701e+00,1.13688918e+00,1.003233
321,1.29251701e+00,1.13688918e+00,1.003233
322,1.29669740e+00,1.13872622e+00,1.000444
323,1.29669743e+00,1.13872623e+00,1.000444
324,1.29754916e+00,1.13910015e+00,1.001672
325,1.29754916e+00,1.13910015e+00,1.001672
326,1.30819059e+00,1.14376159e+00,0.985630
327,1.30819059e+00,1.14376159e+00,0.985630
328,1.30829321e+00,1.14380646e+00,0.985393
329,1.32308439e+00,1.15025405e+00,1.003249
330,1.32308439e+00,1.15025405e+00,1.003248
331,1.32699465e+00,1.15195254e+00,0.989965
332,1.32721458e+00,1.15204800e+00,0.989533
333,1.32721458e+00,1.15204800e+00,0.989533
334,1.33220743e+00,1.15421291e+00,1.000390
335,1.33220743e+00,1.15421291e+00,1.000390
336,1.33407512e+00,1.15502170e+00,1.001634
337,1.33407516e+00,1.15502171e+00,1.001634
338,1.34410649e+00,1.15935607e+00,0.998972
339,1.34476294e+00,1.15963914e+00,0.996818
340,1.34476294e+00,1.15963914e+00,0.996818
341,1.35283741e+00,1.16311539e+00,1.003276
342,1.35283741e+00,1.16311539e+00,1.003276
343,1.36028759e+00,1.16631368e+00,1.007884
344,1.36028759e+00,1.16631368e+00,1.007884
345,1.36181362e+00,1.16696771e+00,1.002525
346,1.36736956e+00,1.16934578e+00,1.000337
347,1.36736956e+00,1.16934578e+00,1.000337
348,1.37031156e+00,1.17060307e+00,1.001584
349,1.37031156e+00,1.17060307e+00,1.001584
350,1.37623732e+00,1.17313142e+00,1.015768
351,1.37623732e+00,1.17313142e+00,1.015768
352,1.37627721e+00,1.17314842e+00,1.020932
353,1.38172601e+00,1.17546842e+00,1.003300
354,1.38172601e+00,1.17546842e+00,1.003300
355,1.39007361e+00,1.17901383e+00,1.025333
356,1.39007361e+00,1.17901383e+00,1.025333
357,1.39145012e+00,1.17959744e+00,1.013335
358,1.39994877e+00,1.18319431e+00,1.035066
359,1.40212041e+00,1.18411166e+00,1.000297
360,1.40212044e+00,1.18411167e+00,1.000297
361,1.40619267e+00,1.18582995e+00,1.001535
362,1.40619267e+00,1.18582995e+00,1.001535
363,1.40849536e+00,1.18680047e+00,1.020180
364,1.40849536e+00,1.18680047e+00,1.020180
365,1.40970124e+00,1.18730840e+00,1.003310
366,1.40970131e+00,1.18730843e+00,1.003307
367,1.41638926e+00,1.19012153e+00,1.024510
368,1.41638926e+00,1.19012153e+00,1.024510
369,1.42911872e+00,1.19545754e+00,1.011985
370,1.43197688e+00,1.19665236e+00,1.025686
371,1.43634980e+00,1.19847812e+00,1.001426
372,1.43634980e+00,1.19847812e+00,1.001426
373,1.43676337e+00,1.19865064e+00,1.002140
374,1.43676337e+00,1.19865064e+00,1.002140
375,1.43836268e+00,1.19931759e+00,1.016028
376,1.43836268e+00,1.19931759e+00,1.016028
377,1.44165387e+00,1.20068892e+00,1.001493
378,1.44165388e+00,1.20068892e+00,1.001493
379,1.45446973e+00,1.20601398e+00,1.015340
380,1.45446973e+00,1.20601398e+00,1.015340
381,1.46247073e+00,1.20932656e+00,1.009432
382,1.46271150e+00,1.20942610e+00,1.003453
383,1.46271150e+00,1.20942610e+00,1.003453
384,1.46329757e+00,1.20966837e+00,1.014797
385,1.47015089e+00,1.21249779e+00,1.000065
386,1.47015089e+00,1.21249779e+00,1.000065
387,1.47663103e+00,1.21516708e+00,1.001461
388,1.47663103e+00,1.21516708e+00,1.001461
389,1.48015152e+00,1.21661478e+00,1.012545
390,1.48015152e+00,1.21661478e+00,1.012545
391,1.48766260e+00,1.21969775e+00,1.003453
392,1.48766331e+00,1.21969804e+00,1.003448
393,1.48912836e+00,1.22029847e+00,1.009609
394,1.48912836e+00,1.22029847e+00,1.009609
395,1.50330151e+00,1.22609197e+00,1.000007
396,1.50330152e+00,1.22609197e+00,1.000007
397,1.50727308e+00,1.22771050e+00,1.010133
398,1.50740164e+00,1.22776286e+00,1.011428
399,1.51106042e+00,1.22925198e+00,1.001443
